,Age,Country,Plays,Wikipedia,Current Rank,Best Rank,Name,Backhand,Prize Money,Height,Favorite Surface,Turned Pro,Seasons,Active,Current Elo Rank,Best Elo Rank,Peak Elo Rating,Last Appearance,Titles,GOAT Rank,Best Season,Retired,Masters,Birthplace,Residence,Weight,Coach,Facebook,Twitter,Nicknames,Grand Slams,Davis Cups,Web Site,Team Cups,Olympics,Weeks at No. 1,Tour Finals
0,26 (25-04-1993),Brazil,Right-handed,Wikipedia,378 (97),363 (04-11-2019),Oscar Jose Gutierrez,,,,,,,,,,,,,,,,,,,,,,,,,,,,,,
1,18 (22-12-2001),United Kingdom,Left-handed,Wikipedia,326 (119),316 (14-10-2019),Jack Draper,Two-handed,"$59,040",,,,,,,,,,,,,,,,,,,,,,,,,,,,
2,32 (03-11-1987),Slovakia,Right-handed,Wikipedia,178 (280),44 (14-01-2013),Lukas Lacko,Two-handed,"US$3,261,567",185 cm,"Fast (H, G) 40%",2005,14,Yes,144 (1764),60 (06-02-2012),1886 (06-02-2012),18-03-2019,,,,,,,,,,,,,,,,,,,
3,21 (29-05-1998),"Korea, Republic of",Right-handed,Wikipedia,236 (199),130 (10-04-2017),Duck Hee Lee,Two-handed,"$374,093",,,,2,Yes,,,,19-08-2019,,,,,,,,,,,,,,,,,,,
4,27 (21-10-1992),Australia,Right-handed,Wikipedia,183 (273),17 (11-01-2016),Bernard Tomic,Two-handed,"US$6,091,971",193 cm,"Fast (H, G) 36%",2008,11,Yes,100 (1826),21 (23-03-2015),2037 (01-02-2016),14-10-2019,4,264 (6),2015,,,,,,,,,,,,,,,,
5,22 (11-02-1997),Poland,Right-handed,Wikipedia,31 (1398),31 (20-01-2020),Hubert Hurkacz,Two-handed,"$1,517,157",,"Fast (H, G) 29%",2015,5,Yes,33 (1983),33 (19-01-2020),1983 (20-01-2020),13-01-2020,1,489 (1),2019,,,,,,,,,,,,,,,,
6,28 (18-11-1991),United States,Right-handed,Wikipedia,307 (131),213 (31-10-2016),Sekou Bangoura,Two-handed,"$278,709",,,2010,1,,,,,31-07-2017,,,,2017,,,,,,,,,,,,,,,
7,21 (12-05-1998),"Taiwan, Province of China",Right-handed,Wikipedia,232 (205),229 (04-11-2019),Tung Lin Wu,Two-handed,"$59,123",,,,1,Yes,,,,,,,,,,,,,,,,,,,,,,,
8,25 (29-07-1994),Uzbekistan,Right-handed,Wikipedia,417 (81),253 (17-07-2017),Sanjar Fayziev,Two-handed,"$122,734",,Hard 100%,,5,Yes,189 (1602),187 (10-01-2020),1603 (20-09-2019),,,,,,,,,,,,,,,,,,,,
9,20 (02-04-1999),Finland,Right-handed,Wikipedia,104 (534),104 (13-01-2020),Emil Ruusuvuori,Two-handed,"US$74,927",,,,3,Yes,,,,,,,,,,,,,,,,,,,,,,,
10,19 (08-08-2000),Canada,Right-handed,Wikipedia,22 (1701),17 (14-10-2019),Felix Auger Aliassime,Two-handed,"US$1,893,476",,Grass 43%,2017,3,Yes,51 (1926),30 (12-08-2019),1992 (12-08-2019),12-01-2020,,400 (2),2019,,,,,,,,,,,,,,,,
11,23 (11-02-1996),Russian Federation,Right-handed,Wikipedia,4 (5960),4 (09-09-2019),Daniil Medvedev,Two-handed,"US$ 10,507,693",,Hard 47%,2014,5,Yes,5 (2204),4 (14-10-2019),2243 (14-10-2019),11-11-2019,7,109 (27),2019,,2,,,,,,,,,,,,,,
12,28 (28-11-1991),Ecuador,Right-handed,Wikipedia,148 (359),143 (14-10-2019),Emilio Gomez,Two-handed,"$303,458",,Clay 18%,,8,Yes,,149 (10-02-2017),1744 (10-02-2017),06-02-2017,,,,,,,,,,,,,,,,,,,
13,23 (22-02-1996),Germany,Left-handed,Wikipedia,431 (74),319 (15-07-2019),Johannes Haerteis,Two-handed,"$54,004",,,,,,,,,,,,,,,,,,,,,,,,,,,,
14,28 (17-03-1991),Canada,Right-handed,Wikipedia,134 (411),134 (18-11-2019),Steven Diez,,"US$439,427",,,2008,5,Yes,,,,20-05-2019,,,,,,,,,,,,,,,,,,,
15,31 (23-09-1988),Argentina,Right-handed,Wikipedia,121 (460),3 (13-08-2018),Juan Martin Del Potro,Two-handed,"US$25,889,586  11th all-time leader in earnings",198 cm,All-Rounder 5%,2005,14,Yes,4 (2211),3 (07-06-2010),2329 (14-09-2009),17-06-2019,22,33 (109),2009,,1,"Tandil, Argentina","Tandil, Argentina",97 kg,Sebastian Prieto,JuanMartinDelPotro.Ok,@delpotrojuan,"DelPo, Tower of Tandil",1,1,,,,,
16,24 (26-04-1995),Spain,,Wikipedia,375 (99),283 (11-07-2016),Pablo Vivero Gonzalez,,,,,,,,,,,,,,,,,,,,,,,,,,,,,,
17,22 (02-05-1997),Australia,Right-handed,Wikipedia,133 (411),132 (04-11-2019),Marc Polmans,Two-handed,"US$507,297",,,,2,Yes,,,,29-07-2019,,,,,,,,,,,,,,,marc-polmans.com,,,,
18,20 (31-08-1999),Serbia,Right-handed,Wikipedia,54 (959),47 (09-09-2019),Miomir Kecmanovic,Two-handed,"$1,285,541",,None 13%,2017,3,Yes,61 (1899),60 (19-08-2019),1908 (19-08-2019),06-01-2020,,,,,,,,,,,,,,,,,,,
19,22 (28-10-1997),United States,Right-handed,Wikipedia,34 (1335),25 (05-08-2019),Taylor Harry Fritz,Two-handed,"US$2,722,314",,"Slow (H, Cl) 15%",2015,6,Yes,56 (1919),29 (05-08-2019),1999 (05-08-2019),12-01-2020,1,489 (1),2019,,,,,,,,,,,,,,,,
20,33 (12-04-1986),Spain,Right-handed,Wikipedia,130 (417),19 (23-07-2012),Marcel Granollers,Two-handed,"$10,821,168",190 cm,"Soft (Cl, G) 13%",2003,14,Yes,121 (1791),29 (04-11-2013),2004 (04-11-2013),16-09-2019,4,264 (6),2011,,,,,,,,,,,,marcelgranollers.com,,,,
21,32 (07-10-1987),United States,Right-handed,Wikipedia,45 (1100),11 (26-02-2018),Sam Querrey,Two-handed,"US$11,912,152",198 cm,Grass 32%,2006,15,Yes,31 (1993),18 (21-04-2013),2068 (16-04-2013),12-01-2020,10,157 (17),2017,,,,,,,,,,,,,,,,
22,30 (20-09-1989),Slovakia,Right-handed,Wikipedia,105 (528),98 (25-07-2016),Andrej Martin,Two-handed,"$898,701",180 cm,Clay 52%,2005,7,Yes,,82 (26-09-2016),1850 (19-08-2016),04-02-2019,,,,,,,,,,,,,,,,,,,
23,30 (30-08-1989),Italy,Right-handed,Wikipedia,172 (294),171 (13-01-2020),Roberto Marcora,One-handed,"$184,328",,,2009,1,,,,,22-05-2017,,,,2017,,,,,,,,,,,,,,,
24,30 (29-11-1989),Sweden,Right-handed,Wikipedia,293 (138),277 (19-08-2019),Markus Eriksson,Two-handed,"$158,269",,Hard 49%,,7,Yes,,175 (20-09-2019),1696 (20-09-2019),20-07-2015,,,,,,,,,,,,,,,,,,,
25,22 (23-03-1997),Italy,Right-handed,Wikipedia,339 (115),312 (12-08-2019),Andrea Pellegrino,Two-handed,"$87,942",,,,,,,,,,,,,,,,,,,,,,,,,,,,
26,26 (14-09-1993),Spain,Right-handed,Wikipedia,448 (69),293 (03-03-2014),Andres Artunedo Martinavarr,Two-handed,"$32,892",,,2010,1,,,,,03-02-2014,,,,2014,,,,,,,,,,,,,,,
27,30 (12-11-1989),India,Left-handed,Wikipedia,123 (442),75 (22-04-2019),Prajnesh Gunneswaran,Two-handed,"$631,094",,Hard 18%,,3,Yes,174 (1705),167 (18-03-2019),1721 (18-03-2019),26-08-2019,,,,,,,,,,,,,,,,,,,
28,21 (19-02-1998),Brazil,Right-handed,Wikipedia,388 (93),382 (30-09-2019),Felipe Meligeni Rodrigues Alves,,,,,,,,,,,,,,,,,,,,,,,,,,,,,,
29,32 (24-05-1987),Italy,Right-handed,Wikipedia,12 (2310),9 (15-07-2019),Fabio Fognini,Two-handed,"US$13,470,614",178 cm,Clay 20%,2004,16,Yes,29 (2004),14 (15-04-2014),2112 (20-04-2014),13-01-2020,9,151 (18),2019,,1,,,,,,,,,,FabioFognini.eu,,,,
30,24 (15-11-1995),France,Right-handed,Wikipedia,297 (137),291 (06-01-2020),Manuel Guinard,Two-handed,"$100,014",,,,,,,,,,,,,,,,,,,,,,,,,,,,
31,21 (13-08-1998),Argentina,Right-handed,Wikipedia,228 (208),228 (20-01-2020),Francisco Cerundolo,Two-handed,"$43,346",,,2016,1,Yes,,,,11-02-2019,,,,,,,,,,,,,,,,,,,
32,28 (24-01-1992),Serbia,Right-handed,Wikipedia,166 (306),166 (13-01-2020),Danilo Petrovic,Two-handed,"$246,912",,,,,,,,,,,,,,,,,,,,,,,,,,,,
33,20 (16-05-1999),Austria,Left-handed,Wikipedia,331 (117),187 (20-05-2019),Jurij Rodionov,Two-handed,"$127,760",,,,2,Yes,,,,29-07-2019,,,,,,,,,,,,,,,,,,,
34,29 (30-06-1990),Serbia,Right-handed,Wikipedia,27 (1516),23 (29-04-2019),Dusan Lajovic,One-handed,"US$4,850,190",180 cm,Clay 43%,2007,11,Yes,65 (1892),35 (22-04-2019),1962 (22-04-2019),28-10-2019,1,357 (3),2019,,,,,,,,,,,,,1,,,
35,22 (08-05-1997),France,Right-handed,Wikipedia,189 (263),173 (25-11-2019),Maxime Cressy,Two-handed,"$39,679",,,,,,,,,,,,,,,,,,,,,,,,,,,,
36,27 (24-05-1992),Argentina,Right-handed,Wikipedia,384 (94),166 (16-09-2013),Agustin Velotti,,"US$238,848",,,,4,,,,,06-02-2017,,,,2017,,,,,,,,,,,,,,,
37,21 (27-03-1998),"Korea, Republic of",Right-handed,Wikipedia,320 (122),233 (22-07-2019),Yunseong Chung,Two-handed,"$49,635",,,,,,,,,,,,,,,,,,,,,,,,,,,,
38,22 (17-10-1997),Japan,Right-handed,Wikipedia,432 (74),238 (07-08-2017),Yusuke Takahashi,Two-handed,"$62,529",,,,1,,,,,02-10-2017,,,,2017,,,,,,,,,,,,,,,
39,29 (23-05-1990),United Kingdom,Right-handed,Wikipedia,32 (1349),32 (20-01-2020),Daniel Evans,One-handed,"$2,301,746",175 cm,Hard 32%,2006,13,Yes,48 (1941),40 (30-01-2017),1946 (17-03-2017),12-01-2020,,,,,,,,,,,,,,1,,,,,
40,25 (16-02-1994),France,Right-handed,Wikipedia,84 (649),80 (07-10-2019),Gregoire Barrere,Two-handed,"$827,193",183 cm,Hard 20%,2012,5,Yes,134 (1773),119 (23-09-2019),1794 (23-09-2019),12-01-2020,,,,,,,,,,,,,,,,,,,
41,28 (29-03-1991),"Taiwan, Province of China",Right-handed,Wikipedia,314 (126),164 (14-05-2012),Tsung Hua Yang,Two-handed,"$485,912",,Hard 100%,2006,8,,,208 (18-07-2011),1606 (17-04-2012),24-09-2012,,,,2012,,,,,,,,,,,,,,,
42,21 (26-06-1998),France,Left-handed,Wikipedia,43 (1130),43 (20-01-2020),Ugo Humbert,Two-handed,"$1,062,355",,Grass 58%,2016,3,Yes,53 (1924),53 (20-01-2020),1924 (20-01-2020),13-01-2020,1,489 (1),2020,,,,,,,,,,,,,,,,
43,26 (18-04-1993),Ecuador,Left-handed,Wikipedia,374 (99),371 (06-01-2020),Diego Hidalgo,Two-handed,"$60,865",,,,1,,,,,,,,,,,,,,,,,,,,,,,,
44,32 (06-04-1987),Netherlands,Right-handed,Wikipedia,161 (316),33 (30-07-2012),Robin Haase,Two-handed,"$7,114,496",190 cm,Clay 19%,2005,13,Yes,78 (1860),44 (26-09-2011),1946 (12-09-2011),26-08-2019,2,357 (3),2011,,,,,,,,,,,,,,,,
45,23 (23-03-1996),France,,Wikipedia,268 (160),267 (06-01-2020),Hugo Grenier,,,,,,,,,,,,,,,,,,,,,,,,,,,,,,
46,34 (07-08-1985),Spain,Right-handed,Wikipedia,408 (84),48 (18-03-2013),Daniel Gimeno Traver,Two-handed,"$3,186,839",185 cm,Clay 55%,2004,14,,,62 (13-09-2010),1887 (13-09-2010),30-04-2018,,,,2018,,,,,,,,,,,,,,,
47,27 (07-05-1992),United States,Right-handed,Wikipedia,304 (131),40 (17-07-2017),Ryan Harrison,Two-handed,"US$4,660,132",183 cm,Hard 22%,2008,11,Yes,85 (1845),38 (27-02-2017),1953 (05-03-2018),08-04-2019,1,489 (1),2017,,,,,,,,,,,,ryanharrisontennis.com,,,,
48,23 (06-06-1996),Cyprus,Right-handed,Wikipedia,467 (66),433 (21-10-2019),Michail Pervolarakis,Two-handed,"$29,228",,,,1,Yes,,,,,,,,,,,,,,,,,,,,,,,
49,35 (21-02-1984),Italy,Right-handed,Wikipedia,85 (646),18 (28-01-2013),Andreas Seppi,Two-handed,"US$ 10,581,476",190 cm,Grass 19%,2002,18,Yes,71 (1879),21 (03-08-2015),2029 (08-07-2013),13-01-2020,3,293 (5),2012,,,,,,,,,,,,andreasseppi.com,,,,
50,29 (12-09-1990),France,Right-handed,Wikipedia,399 (89),250 (07-11-2016),Sadio Doumbia,One-handed,"$ 136,641",,,,,,,,,,,,,,,,,,,,,,,,,,,,
51,28 (18-05-1991),Germany,Right-handed,Wikipedia,453 (69),406 (20-05-2019),Tobias Simon,,,,,,,,,,,,,,,,,,,,,,,,,,,,,,
52,27 (16-08-1992),Argentina,Right-handed,Wikipedia,14 (2130),11 (11-06-2018),Diego Sebastian Schwartzman,Two-handed,"$7,217,264",170 cm,"Slow (H, Cl) 35%",2010,8,Yes,25 (2025),18 (30-09-2019),2066 (09-09-2019),28-10-2019,3,222 (9),2019,,,,,,,,,,,,,,,,
53,23 (08-04-1996),Cyprus,Right-handed,Wikipedia,494 (60),378 (31-12-2018),Petros Chrysochos,Two-handed,"$33,471",,,,3,,,,,21-08-2017,,,,2017,,,,,,,,,,,,,,,
54,26 (13-07-1993),Italy,,Wikipedia,422 (79),317 (24-12-2018),Riccardo Bonadio,,,,,,,,,,,,,,,,,,,,,,,,,,,,,,
55,25 (03-09-1994),Serbia,Right-handed,Wikipedia,244 (193),159 (09-05-2016),Pedja Krstin,Two-handed,"$381,369",,,,3,Yes,,,,08-04-2019,,,,,,,,,,,,,,,,,,,
56,27 (27-02-1992),Serbia,Right-handed,Wikipedia,41 (1158),26 (23-04-2018),Filip Krajinovic,Two-handed,"US$3,062,847",185 cm,None 12%,2008,11,Yes,32 (1985),29 (13-05-2019),2000 (10-06-2019),06-01-2020,,400 (2),2017,,,,,,,,,,,,,,,,
57,28 (12-07-1991),Spain,Right-handed,Wikipedia,30 (1422),10 (11-09-2017),Pablo Carreno Busta,Two-handed,"US$ 8,892,564",188 cm,"Slow (H, Cl) 53%",2011,9,Yes,30 (2002),21 (12-06-2017),2071 (12-06-2017),12-01-2020,4,202 (10),2017,,,,,,,,,,,1,,,,,
58,23 (06-09-1996),Argentina,Right-handed,Wikipedia,468 (66),405 (05-08-2019),Jordi Arconada,,,,,,,,,,,,,,,,,,,,,,,,,,,,,,
59,26 (28-08-1993),Austria,Right-handed,Wikipedia,99 (574),99 (13-01-2020),Dennis Novak,Two-handed,"$709,278",,Clay 28%,2011,7,Yes,133 (1773),115 (22-10-2018),1802 (25-09-2018),21-10-2019,,,,,,,,,,,,,,,,,,,
60,22 (08-04-1997),Russian Federation,Right-handed,Wikipedia,440 (73),335 (24-12-2018),Evgeny Tyurnev,Two-handed,"$89,281",,,,1,,,,,18-09-2017,,,,2017,,,,,,,,,,,,,,,
61,26 (04-12-1993),Russian Federation,Right-handed,Wikipedia,434 (74),421 (25-11-2019),Ronald Slobodchikov,,,,,,,,,,,,,,,,,,,,,,,,,,,,,,
62,33 (03-06-1986),Spain,Left-handed,Wikipedia,1 (10235),1 (18-08-2008),Rafael Nadal,Two-handed,"US$119,601,561",185 cm,Clay 39%,2001,19,Yes,1 (2406),1 (16-06-2008),2552 (24-09-2013),11-11-2019,84,3 (805),2010,,35,"Manacor, Mallorca, Spain","Manacor, Mallorca, Spain",85 kg,Carlos Moya,Nadal,@RafaelNadal,"Rafa, Bull",19,5,rafaelnadal.com,,1,208,
63,27 (15-03-1992),Argentina,Right-handed,Wikipedia,278 (146),78 (09-01-2017),Renzo Olivo,Two-handed,"US$826,084",,Clay 36%,2009,5,,,108 (17-10-2016),1805 (15-02-2016),26-02-2018,,,,2018,,,,,,,,,,1,renzoolivo.com,,,,
64,22 (19-03-1997),Norway,Right-handed,Wikipedia,344 (114),298 (14-10-2019),Viktor Durasovic,Two-handed,"$71,874",,Hard 100%,,6,Yes,,,,,,,,,,,,,,,,,,,,,,,
65,32 (02-04-1987),Germany,Right-handed,Wikipedia,213 (223),85 (15-08-2011),Matthias Bachinger,Two-handed,"$1,563,471",188 cm,"Slow (H, Cl) 32%",2005,11,Yes,105 (1821),102 (02-02-2015),1825 (25-02-2019),29-07-2019,,,,,,,,,,,,,,,,,,,
66,27 (22-09-1992),Argentina,Right-handed,Wikipedia,204 (237),195 (16-09-2019),Facundo Mena,Two-handed,"$142,516",,,,,,,,,,,,,,,,,,,,,,,,,,,,
67,29 (17-10-1990),El Salvador,Right-handed,Wikipedia,358 (108),139 (02-07-2018),Marcelo Arevalo,Two-handed,"$627,102",,Hard 64%,2012,12,Yes,118 (1795),96 (19-06-2017),1825 (18-04-2017),11-02-2019,,,,,,,,,,,,,,,,,,,
68,29 (09-05-1990),Russian Federation,Right-handed,Wikipedia,106 (522),65 (08-07-2013),Evgeny Donskoy,Two-handed,"US$2,431,474",185 cm,Hard 32%,2007,12,Yes,129 (1782),92 (26-10-2015),1836 (26-10-2015),14-10-2019,,,,,,,,,,,,,,,,,,,
69,34 (24-03-1985),Portugal,Right-handed,Wikipedia,461 (67),62 (25-04-2011),Frederico Gil,Two-handed,"$1,453,933",178 cm,Clay 63%,2003,10,,,60 (25-04-2011),1897 (17-04-2011),09-07-2012,,,,2012,,,,,,,,,,,,,,,
70,23 (07-09-1996),Turkey,Right-handed,Wikipedia,323 (121),322 (06-01-2020),Altug Celikbilek,Two-handed,"$64,275",,,,4,Yes,,,,24-06-2019,,,,,,,,,,,,,,,,,,,
71,20 (17-06-1999),Argentina,Right-handed,Wikipedia,409 (84),349 (15-10-2018),Camilo Ugo Carabelli,,,,,,,,,,,,,,,,,,,,,,,,,,,,,,
72,26 (23-03-1993),Spain,Right-handed,Wikipedia,83 (664),72 (19-02-2018),Roberto Carballes Baena,Two-handed,"US$1,701,922",,Clay 53%,2011,7,Yes,90 (1841),90 (23-09-2019),1842 (21-10-2019),14-10-2019,1,489 (1),2018,,,,,,,,,,,,,,,,
73,19 (20-03-2000),Spain,Right-handed,Wikipedia,209 (232),174 (07-10-2019),Nicola Kuhn,Two-handed,"$191,218",,,2017,3,Yes,,,,22-04-2019,,,,,,,,,,,,,,,,,,,
74,20 (02-04-1999),"Taiwan, Province of China",Right-handed,Wikipedia,471 (65),462 (21-10-2019),Yu Hsiou Hsu,Two-handed,"$12,533",,,,,,,,,,,,,,,,,,,,,,,,,,,,
75,19 (31-05-2000),Netherlands,Right-handed,Wikipedia,437 (73),423 (04-11-2019),Jesper De Jong,,,,,,,,,,,,,,,,,,,,,,,,,,,,,,
76,23 (02-07-1996),Netherlands,Right-handed,Wikipedia,175 (288),161 (16-09-2019),Tallon Griekspoor,Two-handed,"$311,015",,,,3,Yes,,,,11-02-2019,,,,,,,,,,,,,,,,,,,
77,19 (10-03-2000),Brazil,Right-handed,Wikipedia,205 (235),205 (06-01-2020),Thiago Seyboth Wild,Two-handed,"$89,517",,,2018,2,Yes,,,,25-02-2019,,,,,,,,,,,,,,,,,,,
78,26 (24-04-1993),France,Right-handed,Wikipedia,383 (95),234 (07-03-2016),Maxime Chazal,One-handed,"$129,344",,,2010,,,,,,,,,,,,,,,,,,,,,,,,,
79,32 (08-09-1987),Ukraine,Right-handed,Wikipedia,255 (180),49 (26-09-2016),Illya Marchenko,Two-handed,"US$1,857,469",185 cm,Hard 50%,2005,11,Yes,,72 (18-01-2016),1865 (11-01-2016),17-07-2017,,,,,,,,,,,,,,,,,,,
80,25 (13-01-1995),Argentina,Right-handed,Wikipedia,394 (90),375 (22-10-2018),Gonzalo Villanueva,,,,,,,,,,,,,,,,,,,,,,,,,,,,,,
81,31 (14-04-1988),Spain,Right-handed,Wikipedia,9 (2630),9 (04-11-2019),Roberto Bautista Agut,Two-handed,"$12,067,808",183 cm,Grass 22%,2005,11,Yes,16 (2080),9 (15-07-2019),2135 (17-10-2016),28-10-2019,9,151 (18),2019,,,,,,,,,,,1,,,,,
82,28 (05-08-1991),Argentina,Right-handed,Wikipedia,136 (399),70 (28-01-2019),Guido Andreozzi,Two-handed,"$1,226,601",,Hard 24%,2008,6,Yes,165 (1716),158 (15-04-2019),1740 (15-04-2019),15-07-2019,,,,,,,,,,,,,,,,,,,
83,25 (30-01-1994),Canada,Right-handed,Wikipedia,288 (141),161 (21-05-2018),Filip Peliwo,Two-handed,"US$306,176",,,2013,3,,,,,10-08-2015,,,,2015,,,,,,,,,,,,,,,
84,26 (16-06-1993),"Bolivia, Plurinational State of",Right-handed,Wikipedia,73 (743),72 (13-01-2020),Hugo Dellien,Two-handed,"$397,175",,None 5%,2009,7,Yes,145 (1763),127 (23-09-2019),1781 (20-09-2019),21-10-2019,,,,,,,,,,,,,,,,,,,
85,31 (15-06-1988),Canada,Right-handed,Wikipedia,180 (279),110 (25-06-2018),Peter Polansky,Two-handed,"US$1,447,596",180 cm,Hard 15%,2007,13,Yes,179 (1679),120 (19-06-2011),1778 (15-03-2011),05-08-2019,,,,,,,,,,,,,,,,,,,
86,26 (16-07-1993),Germany,Right-handed,Wikipedia,163 (314),129 (16-10-2017),Oscar Otte,,"$472,984",,,2011,2,Yes,,,,14-10-2019,,,,,,,,,,,,,,,,,,,
87,27 (05-01-1993),Australia,Left-handed,Wikipedia,140 (377),125 (04-03-2019),Alex Bolt,Two-handed,"$849,099",,Hard 25%,2009,5,Yes,125 (1787),125 (20-01-2020),1787 (19-01-2020),12-01-2020,,,,,,,,,,,,,,,,,,,
88,27 (08-02-1992),Hungary,Right-handed,Wikipedia,67 (827),31 (04-03-2019),Marton Fucsovics,Two-handed,"US$2,706,806",,"Slow (H, Cl) 36%",2009,10,Yes,67 (1887),33 (04-03-2019),1979 (04-03-2019),06-01-2020,1,489 (1),2018,,,,,,,,,,,,,,,,
89,16 (05-05-2003),Spain,,Wikipedia,446 (70),446 (20-01-2020),Carlos Alcaraz Garfia,,,,,,,,,,,,,,,,,,,,,,,,,,,,,,
90,24 (10-11-1995),United Kingdom,,Wikipedia,387 (94),359 (04-11-2019),Ryan Peniston,,,,,,,,,,,,,,,,,,,,,,,,,,,,,,
91,22 (01-02-1997),France,Right-handed,Wikipedia,229 (207),226 (13-01-2020),Alexandre Muller,Two-handed,"$134,030",,,,2,Yes,,,,27-05-2019,,,,,,,,,,,,,,,,,,,
92,19 (11-09-2000),France,Right-handed,Wikipedia,370 (102),358 (18-11-2019),Rayane Roumane,Two-handed,"$32,282",,,,1,Yes,,,,16-09-2019,,,,,,,,,,,,,,,,,,,
93,20 (19-04-1999),France,Left-handed,Wikipedia,70 (800),70 (13-01-2020),Corentin Moutet,Two-handed,"$860,421",,None 5%,2016,3,Yes,87 (1843),87 (13-01-2020),1843 (13-01-2020),06-01-2020,,,,,,,,,,,,,,,,,,,
94,32 (12-02-1987),France,Right-handed,Wikipedia,58 (920),25 (28-01-2013),Jeremy Chardy,Two-handed,"$8,658,443",188 cm,All-Rounder 9%,2005,15,Yes,39 (1965),23 (14-09-2015),2016 (14-09-2015),12-01-2020,1,357 (3),2009,,,,,,,,,,,1,,,,,
95,22 (20-04-1997),Germany,Right-handed,Wikipedia,7 (3345),3 (06-11-2017),Alexander Zverev,Two-handed,"US$20,028,563 24th all-time in earnings",198 cm,Clay 14%,2013,8,Yes,13 (2096),5 (14-08-2017),2231 (14-08-2017),11-11-2019,11,65 (54),2018,,3,"Hamburg, Germany","Monte-Carlo, Monaco",86 kg,Alexander Zverev Sr.,,,Sascha,,,,,,,1
96,25 (01-12-1994),Italy,Right-handed,Wikipedia,117 (473),114 (06-01-2020),Gianluca Mager,Two-handed,"$200,642",,,,2,Yes,,,,14-10-2019,,,,,,,,,,,,,,,,,,,
97,32 (17-01-1988),Spain,Left-handed,Wikipedia,42 (1130),17 (08-05-2017),Albert Ramos,Two-handed,"US$7,062,030",188 cm,Clay 35%,2007,11,Yes,45 (1946),25 (01-05-2017),2014 (01-05-2017),12-01-2020,2,293 (5),2016,,,,,,,,,,,,,,,,
98,26 (12-01-1994),United States,Right-handed,Wikipedia,164 (309),159 (18-02-2019),Mitchell Krueger,Two-handed,"$588,335",,Hard 100%,2012,4,,,184 (13-05-2019),1670 (28-01-2019),14-01-2019,,,,2019,,,,,,,,,,,,,,,
99,20 (11-01-2000),Poland,,Wikipedia,438 (73),434 (06-01-2020),Daniel Michalski,,"$2,893",,,,1,,,,,,,,,,,,,,,,,,,,,,,,
100,28 (14-04-1991),Spain,,Wikipedia,242 (195),232 (18-11-2019),Roberto Ortega Olmedo,,"$209,276",,,,1,,,,,16-05-2016,,,,2016,,,,,,,,,,,,,,,
101,28 (03-06-1991),Spain,Right-handed,Wikipedia,182 (277),154 (16-07-2018),Enrique Lopez Perez,Two-handed,"US$444,563",,,2009,1,,,,,18-07-2016,,,,2016,,,,,,,,,,,,,,,
102,38 (21-01-1982),France,Right-handed,Wikipedia,191 (260),37 (05-05-2014),Nicolas Mahut,One-handed,"US$10,262,279",190 cm,Grass 59%,2000,20,Yes,69 (1886),35 (10-10-2016),1970 (23-09-2013),17-06-2019,4,325 (4),2013,,,,,,,,,,,1,,,,,
103,33 (10-02-1986),Serbia,Right-handed,Wikipedia,159 (325),12 (06-06-2011),Viktor Troicki,Two-handed,"US$8,638,698",193 cm,All-Rounder 4%,2006,14,Yes,82 (1850),15 (03-04-2011),2091 (17-04-2011),15-07-2019,3,264 (6),2010,,,"Belgrade, Serbia","Belgrade, Serbia",86 kg,Boris Pasanski,viktortroicki,@troicki_viktor,,,1,viktortroicki.com,2,,,
104,29 (14-07-1990),Belarus,Right-handed,Wikipedia,338 (116),129 (19-06-2017),Uladzimir Ignatik,Two-handed,"$640,041",,Hard 52%,2007,8,,,116 (10-09-2012),1780 (20-04-2012),10-08-2008,,,,2008,,,,,,,,,,,,,,,
105,24 (10-08-1995),Netherlands,,Wikipedia,379 (97),260 (17-12-2018),Jelle Sels,,,,,,,,,,,,,,,,,,,,,,,,,,,,,,
106,24 (23-07-1995),France,Right-handed,Wikipedia,329 (118),319 (12-08-2019),Arthur Rinderknech,Two-handed,"$64,463",,,,,,,,,,,,,,,,,,,,,,,,,,,,
107,25 (16-01-1995),United Kingdom,Right-handed,Wikipedia,407 (84),319 (16-09-2019),Evan Hoyt,Two-handed,"$83,171",,,,,,,,,,,,,,,,,,,,,,,,,,,,
108,24 (23-07-1995),Tunisia,Right-handed,Wikipedia,341 (115),303 (18-11-2019),Skander Mansouri,Two-handed,"$70,103",,,,,,,,,,,,,,,,,,,,,,,,,,,,
109,21 (27-07-1998),United Kingdom,Right-handed,Wikipedia,155 (335),153 (22-07-2019),Jay Clarke,Two-handed,"$433,732",,,2016,2,Yes,,,,01-07-2019,,,,,,,,,,,,,,,,,,,
110,22 (02-12-1997),"Korea, Republic of",Right-handed,Wikipedia,87 (637),81 (09-09-2019),Soon Woo Kwon,Two-handed,"$488,866",,Hard 100%,,3,Yes,146 (1763),144 (10-01-2020),1763 (21-10-2019),14-10-2019,,,,,,,,,,,,,,,,,,,
111,24 (24-08-1995),United States,Left-handed,Wikipedia,390 (92),381 (29-04-2019),Martin Redlicki,Two-handed,"$88,195",,,,,,,,,,,,,,,,,,,,,,,,,,,,
112,21 (29-03-1998),Japan,,Wikipedia,436 (73),289 (27-08-2018),Renta Tokuda,,,,,,,,,,,,,,,,,,,,,,,,,,,,,,
113,19 (07-12-2000),Serbia,Right-handed,Wikipedia,454 (68),451 (13-01-2020),Marko Miladinovic,Two-handed,"$27,473",,,,,,,,,,,,,,,,,,,,,,,,,,,,
114,28 (16-02-1991),Monaco,Right-handed,Wikipedia,435 (73),327 (29-07-2019),Hugo Nys,One-handed,"$402,542",,,,,,,,,,,,,,,,,,,,,,,,,,,,
115,22 (16-08-1997),India,Right-handed,Wikipedia,131 (416),127 (11-11-2019),Sumit Nagal,Two-handed,"$228,745",,,2015,3,Yes,,,,26-08-2019,,,,,,,,,,,,,,,,,,,
116,29 (31-01-1990),Argentina,Right-handed,Wikipedia,202 (238),112 (04-03-2019),Marco Trungelliti,Two-handed,"US$818,258",,Clay 100%,2008,6,Yes,142 (1765),120 (06-05-2019),1794 (04-03-2019),26-08-2019,,,,,,,,,,,,,,,,,,,
117,30 (03-07-1989),Croatia,,Wikipedia,395 (89),206 (23-11-2015),Matija Pecotic,,,,,,,,,,,,,,,,,,,,,,,,,,,,,,
118,34 (08-10-1985),Italy,Right-handed,Wikipedia,406 (84),36 (23-02-2009),Simone Bolelli,One-handed,"$5,050,165",183 cm,"Soft (Cl, G) 27%",2003,14,Yes,,39 (10-08-2015),1959 (30-08-2015),27-05-2019,,,,,,,,,,,,,,,,,,,
119,25 (02-02-1994),Ukraine,Right-handed,Wikipedia,441 (72),439 (13-01-2020),Danylo Kalenichenko,Two-handed,"$27,104",,,,1,,,,,,,,,,,,,,,,,,,,,,,,
120,27 (20-06-1992),Germany,Left-handed,Wikipedia,222 (215),148 (30-07-2018),Mats Moraing,Two-handed,"$273,136",,,2013,1,Yes,,,,17-06-2019,,,,,,,,,,,,,,,,,,,
121,25 (20-04-1994),Australia,Right-handed,Wikipedia,66 (843),43 (15-07-2019),Jordan Thompson,Two-handed,"$2,228,346",,All-Rounder 6%,2013,7,Yes,77 (1861),58 (01-07-2019),1908 (01-07-2019),12-01-2020,,,,,,,,,,,,,,,,,,,
122,22 (10-01-1998),United States,Right-handed,Wikipedia,217 (219),96 (01-10-2018),Michael Mmoh,Two-handed,"$657,498",,Hard 100%,2016,5,Yes,,152 (23-04-2018),1756 (06-08-2018),13-01-2020,,,,,,,,,,,,,,,,,,,
123,25 (29-06-1994),Latvia,Right-handed,Wikipedia,458 (67),422 (04-11-2019),Martins Podzus,Two-handed,"$65,452",,None 0%,,7,,,181 (09-05-2016),1691 (15-03-2016),,,,,,,,,,,,,,,,,,,,
124,21 (27-02-1998),Croatia,Right-handed,Wikipedia,265 (164),265 (20-01-2020),Borna Gojo,Two-handed,"$53,699",,,,2,Yes,,,,20-08-2018,,,,,,,,,,,,,,,,,,,
125,31 (29-03-1988),Estonia,Right-handed,Wikipedia,442 (71),71 (10-09-2012),Jurgen Zopp,Two-handed,"$1,119,928",190 cm,None 8%,,10,,,122 (30-07-2018),1800 (30-07-2018),15-10-2018,,,,2018,,,,,,,,,,,,,,,
126,28 (28-02-1991),United States,Left-handed,Wikipedia,312 (127),162 (07-05-2018),Kevin King,,"$293,788",,,,4,Yes,,,,22-07-2019,,,,,,,,,,,,,,,,,,,
127,31 (28-09-1988),Croatia,Right-handed,Wikipedia,39 (1205),3 (29-01-2018),Marin Cilic,Two-handed,"US$ 27,466,016 10th all-time leader in earnings",198 cm,Grass 16%,2005,16,Yes,23 (2037),6 (08-09-2014),2232 (23-09-2014),28-10-2019,18,53 (68),2014,,1,"Medjugorje, BIH","Monte Carlo, Monaco",82 kg,,MarinCilic,@cilic_marin,,1,1,marincilic.com,,,,
128,23 (12-04-1996),Italy,Right-handed,Wikipedia,8 (2870),8 (04-11-2019),Matteo Berrettini,Two-handed,"$3,580,862",,"Soft (Cl, G) 41%",2015,3,Yes,17 (2075),13 (28-10-2019),2102 (28-10-2019),11-11-2019,3,245 (7),2019,,,,,,,,,,,,,,,,
129,26 (27-01-1993),Japan,Right-handed,Wikipedia,110 (501),64 (27-08-2018),Taro Daniel,Two-handed,"$1,626,003",,None 13%,,6,Yes,102 (1824),77 (27-08-2018),1882 (27-08-2018),30-09-2019,1,489 (1),2018,,,,,,,,,,,,,,,,
130,31 (02-06-1988),Romania,Left-handed,Wikipedia,455 (68),453 (13-01-2020),Mircea Alexandru Jecan,,,,,,,,,,,,,,,,,,,,,,,,,,,,,,
131,32 (07-07-1987),Italy,Right-handed,Wikipedia,234 (202),118 (18-03-2013),Matteo Viola,Two-handed,"$619,419",,Hard 100%,2004,5,Yes,,124 (21-10-2013),1772 (30-09-2013),16-09-2019,,,,,,,,,,,,,,,,,,,
132,25 (05-04-1994),Serbia,Right-handed,Wikipedia,424 (78),174 (24-10-2016),Marko Tepavac,Two-handed,"$140,292",,,,1,,,,,06-02-2017,,,,2017,,,,,,,,,,,,,,,
133,22 (07-08-1997),Russian Federation,Right-handed,Wikipedia,226 (211),219 (05-08-2019),Roman Safiullin,Two-handed,"$105,848",,,2015,1,,,,,16-10-2017,,,,2017,,,,,,,,,,,,,,,
134,29 (17-10-1990),Romania,Right-handed,Wikipedia,152 (344),56 (28-01-2019),Marius Copil,One-handed,"US$ 2,432,075",193 cm,Hard 35%,2008,11,Yes,111 (1811),72 (29-10-2018),1875 (29-10-2018),21-10-2019,,489 (1),2018,,,,,,,,,,,,mariuscopil.com/en,,,,
135,19 (21-04-2000),Russian Federation,Right-handed,Wikipedia,479 (64),474 (13-01-2020),Alexey Zakharov,,,,,,,,,,,,,,,,,,,,,,,,,,,,,,
136,26 (05-03-1993),France,Right-handed,Wikipedia,214 (223),181 (03-08-2015),Tristan Lamasine,Two-handed,"$411,790",,,2010,3,Yes,,,,20-05-2019,,,,,,,,,,,,,,,,,,,
137,26 (05-10-1993),Portugal,Right-handed,Wikipedia,171 (294),160 (20-05-2019),Joao Domingues,Two-handed,"$299,185",,Clay 100%,2013,4,Yes,153 (1750),139 (26-08-2019),1765 (06-05-2019),29-04-2019,,,,,,,,,,,,,,,,,,,
138,29 (05-10-1990),Argentina,Left-handed,Wikipedia,76 (711),33 (09-05-2016),Federico Delbonis,Two-handed,"$3,611,278",190 cm,Clay 78%,2007,12,Yes,120 (1793),41 (11-04-2016),1953 (11-04-2016),12-01-2020,2,325 (4),2016,,,,,,,,,,,1,,,,,
139,29 (17-12-1990),Colombia,Right-handed,Wikipedia,393 (90),158 (13-06-2016),Eduardo Struvay,Two-handed,"US$232,735",,,2007,3,,,,,14-07-2014,,,,2014,,,,,,,,,,,,,,,
140,34 (04-04-1985),Israel,Right-handed,Wikipedia,142 (373),29 (20-07-2009),Dudi Sela,One-handed,"US$3,897,335",175 cm,"Fast (H, G) 49%",2002,15,Yes,,44 (06-07-2009),1941 (21-07-2009),16-09-2019,,,,,,,,,,,,,,,,,,,
141,30 (29-12-1989),Japan,Right-handed,Wikipedia,18 (1930),4 (02-03-2015),Kei Nishikori,Two-handed,"US$ 23,846,631 14th all-time leader in earnings",178 cm,"Slow (H, Cl) 17%",2007,13,Yes,10 (2114),4 (12-09-2016),2296 (19-08-2016),26-08-2019,12,49 (71),2014,,,"Shimane, Japan","Bradenton, Florida, USA",77 kg,Michael Chang,keinishikori,@keinishikori,,,,keinishikori.com,,,,
142,27 (20-05-1992),Bosnia and Herzegovina,Right-handed,Wikipedia,92 (594),23 (02-07-2018),Damir Dzumhur,Two-handed,"US$3,869,834",172 cm,Grass 18%,2011,10,Yes,97 (1830),32 (02-10-2017),1994 (23-10-2017),28-10-2019,3,357 (3),2017,,,,,,,,,,,,,,,,
143,23 (21-02-1996),United States,Right-handed,Wikipedia,253 (181),125 (08-10-2018),Noah Rubin,Two-handed,"$721,726",,Hard 28%,2015,6,Yes,169 (1709),132 (13-08-2018),1788 (06-08-2018),01-07-2019,,,,,,,,,,,,,,,,,,,
144,35 (22-06-1984),Serbia,Right-handed,Wikipedia,211 (225),8 (02-04-2012),Janko Tipsarevic,Two-handed,"$8,616,024",180 cm,All-Rounder 4%,2002,17,Yes,126 (1786),9 (13-08-2012),2158 (13-08-2012),14-10-2019,4,183 (12),2011,,,"Belgrade, Serbia","Belgrade, Serbia",80 kg,Dirk Hordorff,JankoOfficial,@TipsarevicJanko,,,1,www.jtipsarevic.com,2,,,
145,25 (23-02-1994),France,Right-handed,Wikipedia,24 (1600),10 (19-03-2018),Lucas Pouille,Two-handed,"US$$7,487,708",185 cm,All-Rounder 8%,2012,7,Yes,34 (1975),20 (26-09-2016),2069 (01-05-2017),07-10-2019,5,169 (15),2017,,,"Grande-Synthe, France","Dubai, U.A.E.",81 kg,Emmanuel Planque,iamlucaspouille,@la_pouille,,,1,lucaspouille.com,,,,
146,24 (18-06-1995),Australia,,Wikipedia,445 (71),368 (05-08-2019),Jacob Grills,,,,,,,,,,,,,,,,,,,,,,,,,,,,,,
147,28 (14-01-1992),Russian Federation,Right-handed,Wikipedia,488 (63),329 (24-12-2018),Alexander Zhurbin,Two-handed,"$51,479",,,,,,,,,,,,,,,,,,,,,,,,,,,,
148,23 (10-04-1996),Sweden,Right-handed,Wikipedia,174 (290),105 (11-06-2018),Elias Ymer,Two-handed,"$950,007",,None 5%,2014,7,Yes,184 (1631),146 (27-04-2015),1740 (27-04-2015),14-10-2019,,,,,,,,,,,,,,,,,,,
149,20 (15-04-1999),Canada,Left-handed,Wikipedia,13 (2200),13 (13-01-2020),Denis Shapovalov,One-handed,"US$4,535,961",,Hard 52%,2017,5,Yes,18 (2066),16 (26-11-2019),2075 (10-01-2020),13-01-2020,1,264 (6),2019,,,,,,,,,,,,,,,,
150,26 (30-04-1993),Spain,Right-handed,Wikipedia,316 (125),193 (03-08-2015),Oriol Roca Batalla,One-handed,"US$154,038",,,,1,,,,,23-07-2018,,,,2018,,,,,,,,,,,,,,,
151,22 (20-10-1997),Russian Federation,Right-handed,Wikipedia,16 (2004),16 (20-01-2020),Andrey Rublev,Two-handed,"US$4,442,257",,"Fast (H, G) 16%",2014,7,Yes,11 (2110),11 (19-01-2020),2110 (19-01-2020),12-01-2020,4,264 (6),2020,,,,,,,,,,,,,,,,
152,27 (27-03-1992),Belgium,Right-handed,Wikipedia,295 (137),113 (19-06-2017),Arthur De Greef,Two-handed,"$413,149",,Clay 100%,,3,Yes,,,,17-07-2017,,,,,,,,,,,,,,,,,,,
153,27 (26-04-1992),Barbados,Right-handed,Wikipedia,190 (262),106 (08-05-2017),Darian King,Two-handed,"$611,774",,Hard 46%,2010,8,Yes,147 (1759),91 (26-09-2017),1846 (26-09-2017),18-02-2019,,,,,,,,,,,,,,,,,,,
154,25 (08-01-1995),United Kingdom,Right-handed,Wikipedia,65 (845),14 (08-10-2018),Kyle Edmund,Two-handed,"$5,190,930",,"Slow (H, Cl) 28%",2011,8,Yes,42 (1959),24 (06-08-2018),2038 (22-10-2018),13-01-2020,1,357 (3),2018,,,,,,,,,,,1,,,,,
155,28 (22-07-1991),United States,Right-handed,Wikipedia,100 (573),41 (14-01-2019),Tennys Sandgren,Two-handed,"$2,109,288",,Grass 29%,2011,4,Yes,80 (1857),61 (14-01-2019),1894 (14-01-2019),13-01-2020,1,400 (2),2019,,,,,,,,,,,,,,,,
156,32 (17-07-1987),Germany,Right-handed,Wikipedia,463 (66),51 (19-08-2013),Daniel Brands,One-handed,"$2,181,301",196 cm,All-Rounder 6%,2005,13,Yes,,55 (29-07-2013),1921 (06-01-2014),04-02-2019,,,,,,,,,,,,,,,,,,,
157,26 (17-02-1993),Germany,Right-handed,Wikipedia,239 (196),227 (06-01-2020),Julian Lenz,Two-handed,"$103,099",,,,1,Yes,,,,16-09-2019,,,,,,,,,,,,,,,,,,,
158,26 (04-03-1993),Zimbabwe,Right-handed,Wikipedia,487 (63),391 (17-12-2018),Benjamin Lock,Two-handed,"$99,816",,,2016,3,Yes,,,,,,,,,,,,,,,,,,,,,,,
159,22 (02-06-1997),Spain,Right-handed,Wikipedia,477 (64),349 (30-01-2017),Alvaro Lopez San Martin,Two-handed,"$25,352",,,,,,,,,,,,,,,,,,,,,,,,,,,,
160,27 (07-01-1993),Slovakia,Right-handed,Wikipedia,169 (299),161 (20-05-2019),Filip Horansky,Two-handed,"$143,530",,,,2,Yes,,,,15-10-2018,,,,,,,,,,,,,,,,,,,
161,26 (16-11-1993),United States,Left-handed,Wikipedia,377 (98),313 (18-11-2019),Michael Redlicki,Two-handed,"$35,293",,,,,,,,,,,,,,,,,,,,,,,,,,,,
162,26 (12-07-1993),Brazil,Right-handed,Wikipedia,400 (86),337 (07-10-2013),Bruno Santanna,Two-handed,"$95,564",,,,,,,,,,,,,,,,,,,,,,,,,,,,
163,21 (25-03-1998),United States,Right-handed,Wikipedia,269 (159),265 (13-01-2020),Ulises Blanch,Two-handed,"$34,038",,,2017,,,,,,,,,,,,,,,,,,,,,,,,,
164,30 (08-05-1989),France,Right-handed,Wikipedia,21 (1703),18 (11-01-2016),Benoit Paire,Two-handed,"$7,774,890",196 cm,"Soft (Cl, G) 10%",2007,11,Yes,38 (1965),25 (11-01-2016),2003 (11-01-2016),13-01-2020,3,293 (5),2019,,,,,,,,,,,,,,,,
165,25 (31-05-1994),Brazil,Left-handed,Wikipedia,86 (640),74 (27-02-2017),Thiago Monteiro,Two-handed,"US$1,215,794",,Clay 43%,2011,5,Yes,156 (1747),115 (31-07-2017),1799 (30-07-2018),13-01-2020,,,,,,,,,,,,,,,,,,,
166,22 (23-03-1997),Switzerland,Right-handed,Wikipedia,460 (67),457 (11-11-2019),Johan Nikles,Two-handed,"$45,711",,,,1,,,,,18-07-2016,,,,2016,,,,,,,,,,,,,,,
167,22 (05-05-1997),Spain,Right-handed,Wikipedia,90 (608),52 (20-05-2019),Jaume Munar,Two-handed,"$1,037,912",,Clay 34%,2014,6,Yes,151 (1755),76 (06-05-2019),1866 (29-04-2019),12-01-2020,,,,,,,,,,,,,,,,,,,
168,27 (30-09-1992),Italy,Right-handed,Wikipedia,77 (710),16 (25-02-2019),Marco Cecchinato,One-handed,"$2,802,848",,Clay 40%,2010,8,Yes,135 (1771),39 (23-07-2018),1953 (23-07-2018),13-01-2020,3,293 (5),2018,,,,,,,,,,,,,,,,
169,19 (26-09-2000),France,Left-handed,Wikipedia,247 (189),244 (13-01-2020),Hugo Gaston,Two-handed,"$4,166",,,,1,,,,,19-02-2018,,,,2018,,,,,,,,,,,,,,,
170,24 (10-01-1996),Italy,Right-handed,Wikipedia,238 (198),144 (29-07-2019),Filippo Baldi,Two-handed,"$224,705",,,,2,Yes,,,,22-07-2019,,,,,,,,,,,,,,,,,,,
171,27 (12-08-1992),Germany,Right-handed,Wikipedia,391 (92),271 (24-12-2018),Peter Heller,,,,,,,,,,,,,,,,,,,,,,,,,,,,,,
172,23 (17-05-1996),Czech Republic,,Wikipedia,475 (65),415 (22-10-2018),David Poljak,,,,,,,,,,,,,,,,,,,,,,,,,,,,,,
173,22 (17-06-1997),Kazakhstan,Right-handed,Wikipedia,56 (948),48 (14-10-2019),Alexander Bublik,Two-handed,"$770,281",,None 8%,,5,Yes,79 (1859),79 (19-01-2020),1867 (30-09-2019),12-01-2020,,,,,,,,,,,,,,,,,,,
174,29 (30-05-1990),Italy,Left-handed,Wikipedia,147 (361),84 (24-07-2017),Alessandro Giannessi,Two-handed,"$868,315",183 cm,Clay 34%,2008,7,Yes,170 (1706),130 (31-07-2017),1776 (24-07-2017),25-02-2019,,,,,,,,,,,,,,,,,,,
175,31 (29-06-1988),France,Left-handed,Wikipedia,44 (1111),22 (19-03-2018),Adrian Mannarino,Two-handed,"$6,903,920",183 cm,Grass 50%,2004,13,Yes,52 (1926),29 (15-01-2018),2004 (29-01-2018),13-01-2020,1,400 (2),2019,,,,,,,,,,,,adrianmannarino.fr,,,,
176,32 (27-12-1987),Italy,Left-handed,Wikipedia,284 (143),153 (12-10-2015),Andrea Arnaboldi,One-handed,"$764,348",,Clay 100%,2006,5,Yes,,145 (18-07-2016),1751 (18-07-2016),01-07-2019,,,,,,,,,,,,,,,,,,,
177,24 (13-02-1995),United States,Right-handed,Wikipedia,271 (156),188 (30-09-2019),Thai Son Kwiatkowski,Two-handed,"$ 211,565",,,2017,3,Yes,,,,29-07-2019,,,,,,,,,,,,,,,,,,,
178,26 (15-08-1993),"Korea, Republic of",Right-handed,Wikipedia,245 (192),236 (12-08-2019),Ji Sung Nam,Two-handed,"$150,839",,,,3,Yes,,,,,,,,,,,,,,,,,,,,,,,
179,27 (04-08-1992),Argentina,Right-handed,Wikipedia,296 (137),104 (14-04-2014),Facundo Arguello,Two-handed,"$585,880",,Clay 100%,,5,Yes,,185 (27-07-2015),1647 (02-03-2015),15-07-2019,,,,,,,,,,,,,,,,,,,
180,27 (10-04-1992),Australia,Right-handed,Wikipedia,343 (114),216 (27-08-2018),Maverick Banes,Two-handed,"$192,876",,,,,,,,,,,,,,,,,,,,,,,,,,,,
181,22 (19-03-1997),Israel,Right-handed,Wikipedia,356 (109),249 (18-12-2017),Edan Leshem,Two-handed,"$61,464",,,,5,Yes,,,,31-07-2017,,,,,,,,,,,,,,,,,,,
182,25 (08-05-1994),Denmark,Right-handed,Wikipedia,194 (255),166 (06-01-2020),Mikael Torpegaard,Two-handed,"US$ 72,127",,,2019,4,Yes,,,,29-07-2019,,,,,,,,,,,,,,,,,,,
183,28 (18-12-1991),Italy,Right-handed,Wikipedia,74 (730),74 (20-01-2020),Stefano Travaglia,Two-handed,"$813,406",,None 2%,2011,5,Yes,138 (1770),135 (13-01-2020),1770 (10-01-2020),14-10-2019,,,,,,,,,,,,,,,,,,,
184,22 (10-12-1997),Chile,Right-handed,Wikipedia,335 (116),279 (19-08-2019),Marcelo Tomas Barrios Vera,Two-handed,"$69,960",,,,1,,,,,,,,,,,,,,,,,,,,,,,,
185,22 (24-02-1997),South Africa,Right-handed,Wikipedia,72 (746),72 (20-01-2020),Lloyd George Muirhead Harris,Two-handed,"$713,499",,Hard 60%,2015,5,Yes,75 (1866),75 (19-01-2020),1866 (19-01-2020),12-01-2020,,,,,,,,,,,,,,,,,,,
186,31 (10-06-1988),France,Right-handed,Wikipedia,470 (65),153 (08-01-2018),Gleb Sakharov,Two-handed,"$271,207",,,,3,,,,,14-01-2019,,,,2019,,,,,,,,,,,,,,,
187,32 (26-11-1987),Australia,Right-handed,Wikipedia,240 (195),39 (22-10-2018),Matthew Ebden,Two-handed,"US$3,323,526",188 cm,"Fast (H, G) 62%",2006,10,Yes,132 (1774),54 (15-10-2018),1913 (15-10-2018),29-07-2019,,,,,,,,,,,,,,,,,,,
188,26 (15-08-1993),Argentina,Right-handed,Wikipedia,52 (1017),50 (11-11-2019),Juan Ignacio Londero,Two-handed,"US$1,226,242",,Clay 57%,2010,5,Yes,84 (1848),59 (09-09-2019),1901 (09-09-2019),12-01-2020,1,489 (1),2019,,,,,,,,,,,,,,,,
189,32 (26-12-1987),Kazakhstan,Right-handed,Wikipedia,68 (816),39 (25-02-2019),Mikhail Kukushkin,Two-handed,"$4,997,728",183 cm,Hard 19%,2006,14,Yes,60 (1900),41 (25-02-2019),1944 (25-02-2019),06-01-2020,1,489 (1),2010,,,,,,,,,,,,,,,,
190,26 (07-09-1993),Japan,,Wikipedia,305 (131),290 (06-01-2020),Shintaro Imai,,,,,,,,,,,,,,,,,,,,,,,,,,,,,,
191,29 (10-01-1991),Netherlands,Right-handed,Wikipedia,,205 (06-08-2018),Scott Griekspoor,Two-handed,"$78,745",,,,1,,,,,,,,,,,,,,,,,,,,,,,,
192,36 (20-01-1984),Tunisia,Right-handed,Wikipedia,230 (206),42 (07-01-2019),Malek Jaziri,Two-handed,"US$3,825,614",185 cm,"Slow (H, Cl) 25%",2003,13,Yes,164 (1716),52 (31-03-2017),1922 (31-03-2017),06-01-2020,,,,,,,,,,,,,,,,,,,
193,27 (31-03-1992),Switzerland,Right-handed,Wikipedia,102 (550),93 (07-08-2017),Henri Laaksonen,Two-handed,"$1,219,810",,None 4%,2009,9,Yes,113 (1807),84 (17-06-2019),1851 (10-06-2019),21-10-2019,,,,,,,,,,,,,,,,,,,
194,24 (24-01-1996),Australia,Right-handed,Wikipedia,282 (144),279 (13-01-2020),Harry Bourchier,,,,,,,,,,,,,,,,,,,,,,,,,,,,,,
195,33 (07-09-1986),Uzbekistan,Right-handed,Wikipedia,170 (295),33 (13-08-2012),Denis Istomin,Two-handed,"US$5,965,778",188 cm,Grass 16%,2004,15,Yes,139 (1769),31 (14-07-2014),1987 (07-07-2014),22-07-2019,2,400 (2),2015,,,,,,,,,,,,,,,,
196,24 (11-05-1995),Italy,Right-handed,Wikipedia,53 (990),46 (01-07-2019),Lorenzo Sonego,Two-handed,"$1,231,953",,Grass 47%,2013,4,Yes,96 (1831),67 (01-07-2019),1890 (01-07-2019),13-01-2020,1,489 (1),2019,,,,,,,,,,,,,,,,
197,24 (11-04-1995),Italy,Right-handed,Wikipedia,223 (214),152 (12-06-2017),Stefano Napolitano,Two-handed,"$420,434",,,2012,1,,,,,29-05-2017,,,,2017,,,,,,,,,,,,,,,
198,21 (13-08-1998),France,Right-handed,Wikipedia,498 (59),391 (05-08-2019),Evan Furness,Two-handed,"$27,950",,,,,,,,,,,,,,,,,,,,,,,,,,,,
199,20 (17-02-1999),Australia,Right-handed,Wikipedia,23 (1665),18 (28-10-2019),Alex De Minaur,Two-handed,"US$3,466,298",,Hard 64%,2015,4,Yes,19 (2055),19 (13-01-2020),2055 (10-01-2020),05-11-2019,3,293 (5),2019,,,,,,,,,,,,,,,,
200,24 (06-01-1996),Brazil,Left-handed,Wikipedia,472 (65),440 (21-05-2018),Rafael Matos,Two-handed,"$51,486",,,,,,,,,,,,,,,,,,,,,,,,,,,,
201,22 (17-05-1997),United States,Right-handed,Wikipedia,80 (696),79 (07-10-2019),Tommy Paul,Two-handed,"$684,920",,Hard 100%,2015,6,Yes,99 (1827),99 (19-01-2020),1827 (19-01-2020),12-01-2020,,,,,,,,,,,,,,,,,,,
202,25 (24-02-1994),Belarus,Right-handed,Wikipedia,149 (354),80 (04-02-2019),Ilya Ivashka,Two-handed,"US$822,426",,Hard 58%,2013,4,Yes,131 (1777),108 (18-02-2019),1814 (11-02-2019),16-09-2019,,,,,,,,,,,,,,,,,,,
203,21 (12-04-1998),Japan,Right-handed,Wikipedia,259 (176),171 (18-03-2019),Yosuke Watanuki,Two-handed,"$152,770",,,,2,Yes,,,,18-02-2019,,,,,,,,,,,,,,,,,,,
204,29 (25-04-1990),Germany,Right-handed,Wikipedia,37 (1270),33 (01-07-2019),Jan Lennard Struff,Two-handed,"US$5,278,695",,"Slow (H, Cl) 19%",2009,8,Yes,35 (1974),25 (24-06-2019),2036 (17-06-2019),12-01-2020,,,,,,,,,,,,,,,janlennardstruff.com,,,,
205,21 (27-08-1998),Germany,Right-handed,Wikipedia,427 (76),320 (26-11-2018),Louis Wessels,Two-handed,"$57,210",,,,1,,,,,11-07-2016,,,,2016,,,,,,,,,,,,,,,
206,28 (09-04-1991),Egypt,Right-handed,Wikipedia,352 (110),225 (02-10-2017),Karim Mohamed Maamoun,Two-handed,"$98,772",,Clay 100%,,5,Yes,,191 (20-09-2019),1597 (20-09-2019),,,,,,,,,,,,,,,,,,,,
207,28 (16-05-1991),Bulgaria,Right-handed,Wikipedia,20 (1772),3 (20-11-2017),Grigor Dimitrov,One-handed,"$18,020,217  27th all-time leader in earnings",188 cm,All-Rounder 8%,2008,13,Yes,22 (2043),6 (29-01-2018),2203 (19-02-2018),28-10-2019,8,83 (39),2017,,1,"Haskovo, Bulgaria","Monte-Carlo, Monaco",80 kg,Daniel Vallverdu,grigordimitrovtennis,@grigordimitrov,,,,,,,,1
208,34 (04-06-1985),Italy,Right-handed,Wikipedia,319 (122),100 (11-05-2015),Luca Vanni,Two-handed,"US$397,622",,Clay 48%,2006,5,,,112 (24-05-2015),1797 (17-05-2015),14-01-2019,,,,2019,,,,,,,,,,,,,,,
209,28 (20-11-1991),Sweden,Right-handed,Wikipedia,345 (112),177 (20-07-2015),Christian Lindell,Two-handed,"$257,395",,Clay 100%,2008,7,,,178 (01-05-2017),1702 (18-04-2017),11-07-2016,,,,2016,,,,,,,,,,,,,,,
210,27 (31-12-1992),Brazil,Right-handed,Wikipedia,328 (119),153 (03-08-2015),Guilherme Clezar,Two-handed,"$595,305",,Clay 100%,2009,7,,,197 (18-02-2019),1624 (05-03-2018),26-02-2018,,,,2018,,,,,,,,,,,,,,,
211,34 (17-04-1985),France,Right-handed,Wikipedia,33 (1340),5 (27-02-2012),Jo Wilfried Tsonga,Two-handed,"US$ 22,072,615  15th all-time leader in earnings",188 cm,"Fast (H, G) 11%",2004,16,Yes,20 (2050),6 (02-03-2009),2244 (09-01-2012),06-01-2020,18,49 (71),2011,,2,"Le Mans, France","Gingins, Switzerland",91 kg,Thierry Ascione,tsonga,@tsonga7,Muhammad Ali,,1,sportifdigital.com/tsonga/,,,,
212,29 (04-07-1990),China,Right-handed,Wikipedia,342 (114),148 (27-05-2013),Ze Zhang,,"US$975,638",,Clay 54%,2005,11,Yes,173 (1705),123 (22-07-2016),1780 (22-07-2016),07-10-2019,,,,,,,,,,,,,,,,,,,
213,22 (01-12-1997),Slovakia,Left-handed,Wikipedia,280 (145),280 (20-01-2020),Alex Molcan,,,,,,,,,,,,,,,,,,,,,,,,,,,,,,
214,19 (05-07-2000),United States,Right-handed,Wikipedia,246 (189),242 (06-01-2020),Sebastian Korda,Two-handed,"US$27,409",,,,1,,,,,12-02-2018,,,,2018,,,,,,,,,,,,,,,
215,33 (12-05-1986),Russian Federation,Right-handed,Wikipedia,318 (123),235 (23-07-2018),Ivan Nedelko,Two-handed,"$185,080",,,,2,,,,,17-09-2012,,,,2012,,,,,,,,,,,,,,,
216,37 (01-05-1982),Spain,Right-handed,Wikipedia,200 (244),5 (28-08-2006),Tommy Robredo,One-handed,"US$13,376,235",180 cm,Clay 37%,1998,21,Yes,,10 (22-05-2006),2106 (08-06-2009),22-07-2019,12,99 (32),2006,,1,"Hostalric, Spain","San Cugat del Valles, Spain",75 kg,Oscar Serrano,,@TRobredo,,,3,www.tommy-robredo.com,,,,
217,32 (05-03-1987),Slovenia,Right-handed,Wikipedia,309 (129),68 (06-08-2012),Blaz Kavcic,Two-handed,"$1,800,041",188 cm,"Slow (H, Cl) 40%",2005,11,,,71 (12-01-2015),1867 (12-01-2015),25-06-2018,,,,2018,,,,,,,,,,,en.blazkavcic.com,,,,
218,24 (11-10-1995),Chile,Right-handed,Wikipedia,81 (681),38 (22-07-2019),Nicolas Jarry,Two-handed,"US$2,055,087",,Clay 47%,2014,7,Yes,91 (1841),45 (22-07-2019),1939 (22-07-2019),14-10-2019,1,489 (1),2019,,,,,,,,,,,,,,,,
219,25 (18-10-1994),France,Right-handed,Wikipedia,348 (111),207 (06-04-2015),Laurent Lokoli,Two-handed,"$215,105",,,,3,,,,,29-05-2017,,,,2017,,,,,,,,,,,,,,,
220,25 (18-09-1994),Spain,Right-handed,Wikipedia,482 (63),353 (05-11-2018),Eduard Esteve Lobato,,,,,,,,,,,,,,,,,,,,,,,,,,,,,,
221,20 (27-01-1999),Turkey,Right-handed,Wikipedia,492 (61),488 (12-08-2019),Ergi Kirkin,Two-handed,"$14,811",,,,1,Yes,,,,24-06-2019,,,,,,,,,,,,,,,,,,,
222,23 (04-07-1996),United States,Right-handed,Wikipedia,224 (213),67 (17-07-2017),Ernesto Escobedo,Two-handed,"$760,071",,All-Rounder 10%,2014,4,Yes,,101 (17-04-2017),1816 (17-04-2017),26-08-2019,,,,,,,,,,,,,,,,,,,
223,32 (30-12-1987),Brazil,Left-handed,Wikipedia,315 (125),21 (26-07-2010),Thomaz Bellucci,Two-handed,"$5,334,788",188 cm,Clay 37%,2005,12,,,33 (23-07-2012),1996 (26-07-2010),28-05-2018,4,293 (5),2009,2018,,,,,,,,,,,thomazbellucci.com.br,,,,
224,23 (19-02-1996),Austria,Right-handed,Wikipedia,483 (63),390 (16-10-2017),David Pichler,,,,,,,,,,,,,,,,,,,,,,,,,,,,,,
225,34 (23-02-1985),Russian Federation,Right-handed,Wikipedia,327 (119),78 (07-11-2016),Konstantin Kravchuk,Two-handed,"US$1,031,708",190 cm,None 6%,2004,9,,,169 (24-07-2017),1725 (24-07-2017),16-10-2017,,,,2017,,,,,,,,,,,,,,,
226,22 (24-04-1997),Netherlands,Right-handed,Wikipedia,291 (139),285 (13-01-2020),Tim Van Rijthoven,One-handed,"$32,418",,,,2,,,,,22-08-2016,,,,2016,,,,,,,,,,,,,,,
227,31 (18-05-1988),Japan,Right-handed,Wikipedia,146 (362),60 (22-10-2012),Tatsuma Ito,Two-handed,"$1,240,151.",180 cm,Grass 18%,,12,Yes,182 (1669),113 (24-06-2012),1794 (24-06-2012),23-09-2019,,,,,,,,,,,,,,,,,,,
228,25 (23-08-1994),Japan,Right-handed,Wikipedia,285 (143),237 (01-07-2019),Kaichi Uchida,Two-handed,"$129,655",,,,,,,,,,,,,,,,,,,,,,,,,,,,
229,27 (23-02-1992),Georgia,Right-handed,Wikipedia,29 (1485),16 (27-05-2019),Nikoloz Basilashvili,Two-handed,"US$4,271,703",185 cm,"Slow (H, Cl) 25%",2008,7,Yes,43 (1955),30 (07-01-2019),1990 (07-01-2019),28-10-2019,3,264 (6),2018,,,,,,,,,,,,,,,,
230,29 (13-03-1990),Dominican Republic,Right-handed,Wikipedia,283 (144),179 (03-08-2015),Jose Hernandez,Two-handed,"$151,729",,None 13%,2008,12,Yes,,167 (17-03-2015),1714 (11-02-2014),21-05-2018,,,,,,,,,,,,,,,,,,,
231,20 (05-06-1999),Spain,Right-handed,Wikipedia,88 (627),82 (28-10-2019),Alejandro Davidovich Fokina,Two-handed,"$297,419",,Clay 100%,,2,Yes,159 (1742),147 (29-07-2019),1752 (29-07-2019),13-01-2020,,,,,,,,,,,,,,,,,,,
232,27 (15-12-1992),Italy,Right-handed,Wikipedia,95 (586),93 (06-01-2020),Salvatore Caruso,Two-handed,"$404,813",,Clay 36%,2011,5,Yes,122 (1791),115 (23-09-2019),1798 (23-09-2019),12-01-2020,,,,,,,,,,,,,,,,,,,
233,29 (27-02-1990),Argentina,Left-handed,Wikipedia,135 (405),55 (14-11-2016),Facundo Bagnis,Two-handed,"US$1,411,032",,Clay 47%,2007,8,Yes,176 (1696),144 (18-07-2016),1752 (18-07-2016),15-07-2019,,,,,,,,,,,,,,,,,,,
234,30 (04-12-1989),Australia,Left-handed,Wikipedia,308 (130),108 (28-09-2015),John Patrick Smith,Two-handed,"$1,229,509",,Grass 63%,,6,,,168 (22-02-2016),1708 (22-02-2016),02-07-2018,,,,2018,,,,,,,,,,,,,,,
235,26 (19-11-1993),United Kingdom,Right-handed,Wikipedia,403 (85),282 (25-07-2016),Lloyd Glasspool,Two-handed,"$129,193",,,,,,,,,,,,,,,,,,,,,,,,,,,,
236,22 (26-04-1997),Spain,Right-handed,Wikipedia,168 (300),126 (10-06-2019),Pedro Martinez Portero,Two-handed,"$376,711",,,2016,2,Yes,,,,27-05-2019,,,,,,,,,,,,,,,,,,,
237,23 (10-06-1996),Germany,Right-handed,Wikipedia,276 (153),234 (16-04-2018),Jan Choinski,Two-handed,"$113,558",,,,1,,,,,06-06-2016,,,,2016,,,,,,,,,,,,,,,
238,21 (22-03-1998),Slovakia,,Wikipedia,301 (133),298 (06-01-2020),Lukas Klein,,,,,,,,,,,,,,,,,,,,,,,,,,,,,,
239,25 (29-08-1994),Argentina,Right-handed,Wikipedia,373 (99),285 (12-08-2019),Matias Franco Descotte,Two-handed,"$75,201",,,,,,,,,,,,,,,,,,,,,,,,,,,,
240,28 (14-09-1991),China,Right-handed,Wikipedia,287 (141),140 (25-04-2016),Di Wu,,,,None 3%,,11,Yes,,115 (29-09-2015),1794 (29-09-2015),23-09-2019,,,,,,,,,,,,,,,,,,,
241,18 (16-08-2001),Italy,Right-handed,Wikipedia,82 (671),78 (18-11-2019),Jannik Sinner,Two-handed,"US$786,470",,None 3%,2018,2,Yes,127 (1784),120 (10-01-2020),1792 (28-10-2019),13-01-2020,,,,,,,,,,,,,,,,,,,
242,29 (11-01-1991),Italy,Right-handed,Wikipedia,404 (85),259 (25-07-2016),Alessandro Bega,Two-handed,"$142,585",,,,1,,,,,31-07-2017,,,,2017,,,,,,,,,,,,,,,
243,28 (18-03-1991),France,Right-handed,Wikipedia,64 (865),36 (11-02-2019),Pierre Hugues Herbert,Two-handed,"US$7,269,284",188 cm,"Soft (Cl, G) 14%",2010,8,Yes,57 (1915),32 (24-06-2019),1989 (24-06-2019),06-01-2020,,,,,,,,,,,,,,1,,,,,
244,23 (24-10-1996),Kazakhstan,Right-handed,Wikipedia,184 (273),178 (23-10-2017),Dmitry Popko,Two-handed,"$231,152",,,,2,,,,,,,,,,,,,,,,,,,,,,,,
245,29 (23-07-1990),Australia,,Wikipedia,359 (108),252 (23-10-2017),Dayne Kelly,,"$162,336",,,,,,,,,,,,,,,,,,,,,,,,,,,,
246,27 (04-11-1992),Slovakia,Right-handed,Wikipedia,139 (379),80 (22-10-2018),Jozef Kovalik,Two-handed,"$1,017,001",,Hard 21%,2010,4,Yes,171 (1705),119 (30-07-2018),1805 (30-07-2018),14-10-2019,,,,,,,,,,,,,,,,,,,
247,24 (22-07-1995),Peru,Right-handed,Wikipedia,491 (62),485 (13-01-2020),Jorge Brian Panta Herreros,Two-handed,"$22,560",,,,4,,,,,,,,,,,,,,,,,,,,,,,,
248,23 (13-12-1996),Croatia,Right-handed,Wikipedia,294 (138),192 (06-08-2018),Nino Serdarusic,Two-handed,"$176,650",,,2014,3,Yes,,,,15-07-2019,,,,,,,,,,,,,,,,,,,
249,29 (19-09-1990),Italy,Right-handed,Wikipedia,249 (187),173 (14-05-2018),Viktor Galovic,Two-handed,"$248,114",,,2011,4,Yes,,,,15-07-2019,,,,,,,,,,,,,,,,,,,
250,33 (20-09-1986),China,Right-handed,Wikipedia,206 (234),193 (11-11-2019),Zhe Li,Two-handed,"$ 544,642",,Hard 100%,2004,8,Yes,190 (1600),179 (24-02-2017),1693 (24-02-2017),07-10-2019,,,,,,,,,,,,,,,,,,,
251,23 (26-10-1996),France,Right-handed,Wikipedia,215 (222),102 (05-02-2018),Quentin Halys,Two-handed,"$900,060",,Hard 38%,2012,5,Yes,,148 (20-06-2016),1742 (06-06-2016),27-05-2019,,,,,,,,,,,,,,,,,,,
252,27 (22-01-1993),Spain,Right-handed,Wikipedia,474 (65),254 (21-05-2018),Carlos Boluda Purkiss,,,,,,,,,,,,,,,,,,,,,,,,,,,,,,
253,21 (12-08-1998),Greece,Right-handed,Wikipedia,6 (5375),5 (05-08-2019),Stefanos Tsitsipas,One-handed,"$10,425,605",,Clay 24%,2016,4,Yes,8 (2160),8 (20-05-2019),2175 (18-11-2019),11-11-2019,4,139 (21),2019,,,,,,,,,,,,stsitsipas.com,,,,1
254,30 (23-07-1989),United States,Left-handed,Wikipedia,257 (177),38 (27-02-2012),Donald Young,Two-handed,"$4,628,160",183 cm,"Fast (H, G) 37%",2004,15,Yes,,34 (31-03-2017),1975 (31-03-2017),29-07-2019,,,,,,,,,,,,,,,,,,,
255,19 (24-02-2000),Russian Federation,Right-handed,Wikipedia,452 (69),380 (29-04-2019),Alen Avidzba,Two-handed,"$35,396",,,,1,Yes,,,,14-10-2019,,,,,,,,,,,,,,,,,,,
256,30 (31-12-1989),Australia,Right-handed,Wikipedia,392 (91),169 (28-09-2015),Brydan Klein,Two-handed,"$674,687",183 cm,Hard 22%,2005,5,,,,,31-07-2017,,,,2017,,,,,,,,,,,,,,,
257,24 (28-01-1995),France,Right-handed,Wikipedia,413 (82),116 (30-04-2018),Calvin Hemery,Two-handed,"$403,823",,Clay 100%,,4,,,187 (13-05-2019),1663 (11-06-2018),28-05-2018,,,,2018,,,,,,,,,,,,,,,
258,24 (04-11-1995),France,Right-handed,Wikipedia,118 (470),98 (19-08-2019),Antonie Hoang,,,,Hard 100%,,1,Yes,101 (1826),97 (23-09-2019),1830 (09-09-2019),16-09-2019,,,,,,,,,,,,,,,,,,,
259,23 (06-04-1996),Australia,Right-handed,Wikipedia,272 (155),253 (14-10-2019),Aleksandar Vukic,Two-handed,"$27,395",,,,1,,,,,08-01-2018,,,,2018,,,,,,,,,,,,,,,
260,28 (10-09-1991),Italy,Right-handed,Wikipedia,150 (347),127 (12-08-2019),Lorenzo Giustino,Two-handed,"$420,509",,,,3,,,,,24-07-2017,,,,2017,,,,,,,,,,,,,,,
261,24 (28-06-1995),United States,Right-handed,Wikipedia,262 (172),223 (24-12-2018),Jc Aragone,Two-handed,"$188,206",,,2017,3,Yes,,,,24-06-2019,,,,,,,,,,,,,,,,,,,
262,30 (30-03-1989),Portugal,Right-handed,Wikipedia,59 (891),28 (16-05-2016),Joao Sousa,Two-handed,"$6,119,457",185 cm,Clay 17%,2008,13,Yes,73 (1869),34 (01-02-2016),1972 (01-02-2016),13-01-2020,3,357 (3),2013,,,,,,,,,,,,joaosousaofficial.com,,,,
263,31 (30-08-1988),Latvia,Right-handed,Wikipedia,256 (179),10 (09-06-2014),Ernests Gulbis,Two-handed,"US$7,256,753",190 cm,Carpet 49%,2004,15,Yes,119 (1795),10 (09-06-2014),2167 (09-06-2014),29-07-2019,6,202 (10),2014,,,,,,,,,,,,,,,,
264,24 (03-07-1995),Spain,Right-handed,Wikipedia,196 (254),178 (14-10-2019),Mario Vilella Martinez,Two-handed,"$104,000",,,,,,,,,,,,,,,,,,,,,,,,,,,,
265,24 (08-06-1995),France,Right-handed,Wikipedia,349 (111),211 (27-07-2015),Maxime Hamou,Two-handed,"$117,881",,,,2,,,,,29-05-2017,,,,2017,,,,,,,,,,,,,,,
266,33 (18-05-1986),South Africa,Right-handed,Wikipedia,122 (445),5 (16-07-2018),Kevin Anderson,Two-handed,"US$16,293,854 30th all-time leader in earnings",203 cm,"Fast (H, G) 15%",2007,14,Yes,9 (2145),6 (15-04-2019),2181 (07-01-2019),01-07-2019,6,114 (26),2018,,,,,,,,,,,,,,,,
267,29 (13-08-1990),Slovakia,Right-handed,Wikipedia,113 (498),80 (02-10-2017),Norbert Gombos,Two-handed,"$774,886",,None 10%,,5,Yes,160 (1738),157 (20-09-2019),1739 (20-09-2019),29-07-2019,,,,,,,,,,,,,,,,,,,
268,27 (23-05-1992),France,Right-handed,Wikipedia,225 (213),142 (14-01-2019),Constant Lestienne,Two-handed,"$318,809",,,2012,3,Yes,,,,15-07-2019,,,,,,,,,,,,,,,,,,,
269,32 (25-06-1987),Belgium,Right-handed,Wikipedia,418 (81),179 (17-08-2015),Yannick Mertens,Two-handed,"US$500,430",,,2006,2,,,,,15-10-2012,,,,2012,,,,,,,,,,,,,,,
270,26 (04-09-1993),Russian Federation,Right-handed,Wikipedia,251 (182),153 (11-05-2015),Aslan Karatsev,Two-handed,"$258,071",,,,4,,,,,17-10-2016,,,,2016,,,,,,,,,,,,,,,
271,21 (21-03-1998),Italy,,Wikipedia,415 (82),404 (12-08-2019),Enrico Dalla Valle,,,,,,,,,,,,,,,,,,,,,,,,,,,,,,
272,27 (05-08-1992),Japan,Right-handed,Wikipedia,93 (594),78 (04-11-2019),Yasutaka Uchiyama,Two-handed,"$723,271",,Hard 100%,,5,Yes,149 (1758),145 (07-10-2019),1763 (07-10-2019),30-09-2019,,,,,,,,,,,,,,,,,,,
273,32 (22-05-1987),Serbia,Right-handed,Wikipedia,2 (9720),1 (04-07-2011),Novak Djokovic,Two-handed,"US$ 139,144,944 All-time leader in earnings",188 cm,"Fast (H, G) 14%",2003,17,Yes,2 (2390),1 (21-03-2011),2629 (01-02-2016),11-11-2019,77,2 (819),2015,,34,"Belgrade, Serbia","Monte Carlo, Monaco",77 kg,Marian Vajda,djokovic.official,@DjokerNole,"Nole, Djoker",16,1,novakdjokovic.com,1,,275,5
274,29 (03-04-1990),United States,Right-handed,Wikipedia,450 (69),157 (04-04-2016),Alexander Sarkissian,Two-handed,"$250,932",,,2014,2,,,,,07-03-2016,,,,2016,,,,,,,,,,,,,,,
275,27 (29-02-1992),France,,Wikipedia,371 (101),346 (19-02-2018),Antoine Escoffier,,,,,,,,,,,,,,,,,,,,,,,,,,,,,,
276,29 (24-07-1990),Czech Republic,Right-handed,Wikipedia,412 (83),136 (03-10-2016),Jan Satral,Two-handed,"$352,620",,,,2,,,,,29-08-2016,,,,2016,,,,,,,,,,,,,,,
277,27 (09-03-1992),Argentina,Right-handed,Wikipedia,119 (465),115 (04-11-2019),Federico Coria,Two-handed,"$246,355",,,2010,1,,,,,21-05-2018,,,,2018,,,,,,,,,,,,,,,
278,21 (08-08-1998),France,Right-handed,Wikipedia,317 (123),266 (02-04-2018),Geoffrey Blancaneaux,Two-handed,"$151,636",,,,1,,,,,28-08-2017,,,,2017,,,,,,,,,,,,,,,
279,23 (04-11-1996),Russian Federation,Left-handed,Wikipedia,433 (74),275 (09-10-2017),Ivan Gakhov,Two-handed,"$119,138",,,,,,,,,,,,,,,,,,,,,,,,,,,,
280,25 (03-06-1994),Australia,,Wikipedia,115 (481),115 (20-01-2020),Christopher Oconnell,,,,,,1,,,,,16-01-2017,,,,2017,,,,,,,,,,,,,,,
281,24 (26-04-1995),Switzerland,Right-handed,Wikipedia,449 (69),437 (18-11-2019),Adam Moundir,Two-handed,"$24,480",,,,1,Yes,,,,,,,,,,,,,,,,,,,,,,,
282,21 (17-11-1998),Spain,,Wikipedia,300 (135),273 (19-08-2019),Javier Barranco Cosano,,,,,,,,,,,,,,,,,,,,,,,,,,,,,,
283,31 (27-09-1988),Hungary,Right-handed,Wikipedia,112 (498),112 (20-01-2020),Attila Balazs,Two-handed,"$450,046",180 cm,Clay 29%,,8,Yes,116 (1803),105 (30-04-2012),1808 (22-07-2019),15-07-2019,,,,,,,,,,,,,,,,,,,
284,34 (28-10-1985),Spain,Right-handed,Wikipedia,220 (216),111 (08-06-2015),Adrian Menendez Maceiras,Two-handed,"$ 1,198,979",,Hard 28%,2005,6,Yes,178 (1688),168 (19-02-2018),1724 (19-02-2018),08-04-2019,,,,,,,,,,,,,,,,,,,
285,24 (04-02-1995),Germany,Right-handed,Wikipedia,322 (121),293 (12-08-2019),Benjamin Hassan,,"$30,659",,,,2,Yes,,,,,,,,,,,,,,,,,,,,,,,
286,24 (12-04-1995),Argentina,Right-handed,Wikipedia,366 (104),166 (14-09-2015),Pedro Cachin,Two-handed,"$204,409",,,,3,Yes,,,,04-02-2019,,,,,,,,,,,,,,,,,,,
287,20 (26-12-1999),Czech Republic,Right-handed,Wikipedia,426 (76),417 (18-11-2019),Michael Vrbensky,Two-handed,"$27,610",,,,,,,,,,,,,,,,,,,,,,,,,,,,
288,29 (09-10-1990),Germany,Left-handed,Wikipedia,154 (340),71 (13-02-2012),Cedrik Marcel Stebe,Two-handed,"$1,174,974",183 cm,Clay 45%,2010,7,Yes,124 (1790),85 (07-01-2013),1829 (17-06-2013),14-10-2019,,,,,,,,,,,,,,,,,,,
289,34 (23-01-1986),Spain,Right-handed,Wikipedia,63 (867),32 (13-07-2015),Pablo Andujar,Two-handed,"$5,355,556",180 cm,Clay 61%,2004,13,Yes,86 (1843),48 (27-07-2015),1929 (13-07-2015),13-01-2020,4,264 (6),2018,,,,,,,,,,,,,,,,
290,30 (15-06-1989),"Taiwan, Province of China",Right-handed,Wikipedia,126 (429),114 (30-07-2018),Jason Jung,Two-handed,"$575,457",,None 7%,,3,Yes,175 (1705),142 (18-02-2019),1763 (18-02-2019),23-09-2019,,,,,,,,,,,,,,,,,,,
291,23 (17-12-1996),Brazil,Right-handed,Wikipedia,187 (268),186 (06-01-2020),Joao Lucas Magalhaes Hueb De Menezes,,,,,,1,Yes,,,,,,,,,,,,,,,,,,,,,,,
292,25 (11-06-1994),Germany,Right-handed,Wikipedia,254 (181),203 (19-06-2017),Daniel Masur,Two-handed,"$255,637",,,2013,2,,,,,23-07-2018,,,,2018,,,,,,,,,,,,,,,
293,21 (08-02-1998),Brazil,Right-handed,Wikipedia,302 (133),292 (04-11-2019),Orlando Luz,Two-handed,"$110,189",,,,1,,,,,27-02-2017,,,,2017,,,,,,,,,,,,,,,
294,21 (06-04-1998),United States,,Wikipedia,,456 (29-07-2019),Brandon Holt,,,,,,,,,,,,,,,,,,,,,,,,,,,,,,
295,21 (04-08-1998),Argentina,,Wikipedia,410 (84),406 (06-01-2020),Genaro Alberto Olivieri,,,,,,,,,,,,,,,,,,,,,,,,,,,,,,
296,23 (19-05-1996),"Korea, Republic of",Right-handed,Wikipedia,127 (428),19 (02-04-2018),Hyeon Chung,Two-handed,"US$3,566,408",,None 3%,2014,7,Yes,40 (1964),21 (30-03-2018),2049 (07-05-2018),21-10-2019,,400 (2),2018,,,,,,,,,,,,,,,,
297,22 (04-05-1997),Italy,,Wikipedia,347 (112),270 (19-08-2019),Raul Brancaccio,,,,,,,,,,,,,,,,,,,,,,,,,,,,,,
298,29 (16-10-1990),Japan,Right-handed,Wikipedia,212 (225),143 (05-01-2015),Hiroki Moriya,Two-handed,"$752,641",,Hard 100%,,4,,,181 (26-10-2015),1680 (05-10-2015),26-09-2016,,,,2016,,,,,,,,,,,,,,,
299,30 (28-10-1989),Germany,Right-handed,Wikipedia,125 (429),96 (24-06-2019),Yannick Maden,Two-handed,"$568,100",,Clay 17%,2013,4,Yes,136 (1770),128 (23-09-2019),1780 (23-09-2019),14-10-2019,,,,,,,,,,,,,,,,,,,
300,26 (18-01-1994),France,Right-handed,Wikipedia,243 (193),140 (24-04-2017),Mathias Bourgue,Two-handed,"$161,286",,,,2,,,,,29-05-2017,,,,2017,,,,,,,,,,,,,,,
301,33 (21-05-1986),Germany,Right-handed,Wikipedia,248 (188),64 (31-01-2011),Tobias Kamke,Two-handed,"$2,382,735",180 cm,Grass 18%,2004,11,Yes,,78 (23-09-2013),1840 (23-09-2013),26-08-2019,,,,,,,,,,,,,,,,,,,
302,25 (24-10-1994),Bosnia and Herzegovina,Right-handed,Wikipedia,369 (102),334 (04-11-2019),Nerman Fatic,Two-handed,"$65,432",,,2013,5,Yes,,,,,,,,,,,,,,,,,,,,,,,
303,28 (14-08-1991),Lithuania,Right-handed,Wikipedia,430 (74),183 (09-07-2012),Laurynas Grigelis,Two-handed,"$327,684",183 cm,Clay 51%,2008,8,Yes,,168 (14-02-2017),1716 (18-04-2017),25-07-2011,,,,,,,,,,,,,,,,,,,
304,24 (04-10-1995),Netherlands,Right-handed,Wikipedia,193 (257),193 (13-01-2020),Botic Van De Zandschulp,Two-handed,"$84,628",,,,1,Yes,,,,,,,,,,,,,,,,,,,,,,,
305,25 (08-10-1994),Czech Republic,Right-handed,Wikipedia,386 (94),72 (09-01-2017),Adam Pavlasek,Two-handed,"$666,174",,Clay 100%,,3,,,106 (08-10-2018),1815 (11-06-2018),28-05-2018,,,,2018,,,,,,,,,,,,,,,
306,23 (30-05-1996),Chile,Right-handed,Wikipedia,36 (1285),32 (10-06-2019),Christian Garin,Two-handed,"$1,526,576",,Clay 51%,2013,9,Yes,64 (1893),43 (20-05-2019),1940 (06-05-2019),12-01-2020,2,400 (2),2019,,,,,,,,,,,,,,,,
307,29 (05-04-1990),Germany,Right-handed,Wikipedia,286 (142),197 (30-01-2017),Jeremy Jahn,,,,,,,,,,,,,,,,,,,,,,,,,,,,,,
308,27 (11-11-1992),Belarus,Right-handed,Wikipedia,98 (575),91 (30-09-2019),Egor Gerasimov,Two-handed,"$360,093",,None 6%,2010,7,Yes,58 (1907),57 (19-01-2020),1908 (21-10-2019),14-10-2019,,,,,,,,,,,,,,,,,,,
309,26 (19-07-1993),United States,Right-handed,Wikipedia,195 (254),99 (06-06-2016),Bjorn Fratangelo,Two-handed,"$1,242,161",,Grass 29%,2012,5,Yes,148 (1759),97 (29-08-2016),1825 (11-09-2017),26-08-2019,,,,,,,,,,,,,,,,,,,
310,25 (22-12-1994),Spain,Right-handed,Wikipedia,444 (71),372 (06-08-2018),Pol Toledo Bague,Two-handed,"$57,845",,,,,,,,,,,,,,,,,,,,,,,,,,,,
311,27 (07-06-1992),United States,,Wikipedia,,314 (07-01-2019),Evan Song,,,,,,,,,,,,,,,,,,,,,,,,,,,,,,
312,32 (27-11-1987),Colombia,Right-handed,Wikipedia,277 (151),28 (29-09-2014),Santiago Giraldo,Two-handed,"$4,416, 862",188 cm,Clay 22%,2006,14,Yes,150 (1755),32 (11-05-2014),1970 (10-06-2012),26-08-2019,,489 (1),2014,,,,,,,,,,,,,,,,
313,25 (08-11-1994),India,Right-handed,Wikipedia,185 (273),111 (30-07-2018),Ramkumar Ramanathan,Two-handed,"$681,793",,Grass 40%,,6,Yes,140 (1769),116 (23-07-2018),1808 (23-07-2018),15-07-2019,,,,,,,,,,,,,,,,,,,
314,32 (15-02-1987),Kazakhstan,Right-handed,Wikipedia,311 (127),72 (21-04-2014),Aleksandr Nedovyesov,Two-handed,"$848,991",,All-Rounder 7%,2004,6,,,121 (28-07-2015),1771 (28-07-2015),28-09-2015,,,,2015,,,,,,,,,,,,,,,
315,25 (07-02-1994),Belgium,Right-handed,Wikipedia,158 (328),97 (22-06-2015),Kimmer Coppejans,Two-handed,"$538,569",,Clay 100%,,6,Yes,181 (1674),178 (09-09-2019),1684 (10-06-2019),14-10-2019,,,,,,,,,,,,,,,,,,,
316,31 (18-09-1988),Japan,Right-handed,Wikipedia,91 (608),36 (09-10-2017),Yuichi Sugita,Two-handed,"$1,843,740",173 cm,Grass 50%,,13,Yes,137 (1770),43 (23-10-2017),1933 (23-10-2017),14-10-2019,1,489 (1),2017,,,,,,,,,,,,,,,,
317,32 (15-05-1987),Argentina,Right-handed,Wikipedia,101 (564),21 (22-06-2015),Leonardo Mayer,One-handed,"US$6,492,427",188 cm,Clay 19%,2003,13,Yes,76 (1863),28 (11-08-2014),1999 (23-09-2014),13-01-2020,2,293 (5),2017,,,,,,,,,,,1,leonardomayer.net,,,,
318,27 (05-03-1992),Italy,Right-handed,Wikipedia,151 (347),144 (19-08-2019),Federico Gaio,One-handed,"$470,357",,,2009,5,Yes,,,,25-02-2019,,,,,,,,,,,,,,,,,,,
319,35 (08-12-1984),Germany,Right-handed,Wikipedia,203 (238),64 (10-10-2016),Dustin Brown,Two-handed,"US$2,906,111",196 cm,Grass 21%,2002,11,Yes,110 (1813),51 (09-01-2017),1916 (25-07-2016),10-06-2019,,,,,,,,,,,,,,,dustintennis.de,,,,
320,26 (19-05-1993),Australia,Right-handed,Wikipedia,261 (172),91 (08-10-2018),Jason Kubler,Two-handed,"$488,470",,,2010,4,,,,,14-01-2019,,,,2019,,,,,,,,,,,,,,,
321,29 (24-06-1990),Colombia,Right-handed,Wikipedia,481 (63),362 (09-04-2018),Cristian Rodriguez,Two-handed,"$65,390",,,,1,,,,,,,,,,,,,,,,,,,,,,,,
322,22 (06-06-1997),France,Left-handed,Wikipedia,321 (122),289 (25-11-2019),Corentin Denolly,Two-handed,"$68,775",,,,,,,,,,,,,,,,,,,,,,,,,,,,
323,25 (17-01-1995),Belgium,Right-handed,Wikipedia,385 (94),347 (02-12-2019),Michael Geerts,,,,,,,,,,,,,,,,,,,,,,,,,,,,,,
324,24 (23-08-1995),United Kingdom,Left-handed,Wikipedia,62 (885),41 (20-05-2019),Cameron Norrie,Two-handed,"$1,614,496",,"Slow (H, Cl) 25%",2017,4,Yes,93 (1837),58 (04-03-2019),1900 (04-03-2019),13-01-2020,,,,,,,,,,,,,,,,,,,
325,21 (09-09-1998),Sweden,Right-handed,Wikipedia,78 (709),73 (28-10-2019),Mikael Ymer,Two-handed,"$447,293",,None 5%,2015,6,Yes,128 (1783),128 (20-01-2020),1783 (20-01-2020),13-01-2020,,,,,,,,,,,,,,,,,,,
326,23 (09-06-1996),France,Right-handed,Wikipedia,363 (107),176 (16-10-2017),Benjamin Bonzi,Two-handed,"$288,064",,,,2,,,,,02-07-2018,,,,2018,,,,,,,,,,,,,,,
327,20 (13-10-1999),Hungary,Right-handed,Wikipedia,420 (79),330 (15-07-2019),Zsombor Piros,Two-handed,"$63,922",,,,2,Yes,,,,23-04-2018,,,,,,,,,,,,,,,,,,,
328,22 (22-05-1997),Australia,Right-handed,Wikipedia,252 (182),144 (13-11-2017),Akira Santillan,One-handed,"$350,784",,,2013,2,,,,,25-09-2017,,,,2017,,,,,,,,,,,,,,,
329,22 (28-08-1997),United States,Right-handed,Wikipedia,38 (1227),31 (28-10-2019),Reilly Opelka,Two-handed,"US$1,396,674",,Hard 51%,2015,5,Yes,59 (1901),51 (28-10-2019),1932 (28-10-2019),12-01-2020,1,489 (1),2019,,,,,,,,,,,,,,,,
330,23 (08-06-1996),Peru,Right-handed,Wikipedia,303 (132),295 (06-01-2020),Nicolas Alvarez,,,,,,3,Yes,,,,,,,,,,,,,,,,,,,,,,,
331,23 (16-10-1996),China,Right-handed,Wikipedia,137 (393),137 (06-01-2020),Zhizhen Zhang,Two-handed,"US$283,706",,Hard 100%,2012,4,Yes,162 (1727),159 (07-10-2019),1737 (07-10-2019),07-10-2019,,,,,,,,,,,,,,,,,,,
332,32 (22-08-1987),Germany,Left-handed,Wikipedia,281 (144),25 (24-07-2017),Mischa Zverev,Two-handed,"US$5,647,193",190 cm,Grass 32%,2005,13,Yes,155 (1748),37 (30-01-2017),1968 (30-01-2017),15-07-2019,1,400 (2),2018,,,,,,,,,,,,,,,,
333,18 (18-09-2001),Romania,Right-handed,Wikipedia,421 (79),421 (20-01-2020),Filip Cristian Jianu,,"$21,192",,,,1,Yes,,,,,,,,,,,,,,,,,,,,,,,
334,19 (26-10-2000),Germany,Right-handed,Wikipedia,165 (308),146 (29-07-2019),Rudolf Molleker,Two-handed,"$341,892",,Clay 100%,2017,3,Yes,172 (1705),170 (29-07-2019),1706 (29-07-2019),22-07-2019,,,,,,,,,,,,,,,,,,,
335,20 (05-01-2000),Israel,Left-handed,Wikipedia,402 (85),398 (06-01-2020),Yshai Oliel,Two-handed,"$10,406",,,,2,,,,,,,,,,,,,,,,,,,,,,,,
336,32 (15-05-1987),United Kingdom,Right-handed,Wikipedia,128 (422),1 (07-11-2016),Andy Murray,Two-handed,"US$ 61,544,007 4th all-time leader in earnings",190 cm,Grass 31%,2005,15,Yes,7 (2185),2 (19-04-2009),2500 (21-11-2016),14-10-2019,46,12 (317),2016,,14,"Dunblane, Scotland","London, England",84 kg,Jamie Delgado,andymurrayofficial,@andy_murray,Muzza,3,1,andymurray.com,,2,41,1
337,25 (24-03-1994),Switzerland,Right-handed,Wikipedia,346 (112),346 (20-01-2020),Alexander Ritschard,Two-handed,"$27,867",,,,,,,,,,,,,,,,,,,,,,,,,,,,
338,27 (28-08-1992),France,,Wikipedia,480 (64),409 (12-08-2019),Mathieu Perchicot,,,,,,,,,,,,,,,,,,,,,,,,,,,,,,
339,32 (30-12-1987),United States,Right-handed,Wikipedia,361 (107),68 (06-04-2015),Tim Smyczek,Two-handed,"$2,013,618",175 cm,"Fast (H, G) 20%",2006,11,Yes,166 (1715),89 (05-04-2015),1836 (05-04-2015),29-07-2019,,,,,,,,,,,,,,,,,,,
340,20 (09-06-1999),Japan,Left-handed,Wikipedia,355 (109),335 (12-08-2019),Yuta Shimizu,,,,,,,,,,,,,,,,,,,,,,,,,,,,,,
341,23 (14-11-1996),Croatia,Right-handed,Wikipedia,28 (1490),12 (05-11-2018),Borna Coric,Two-handed,"US$7,163,918",,Clay 12%,2013,8,Yes,37 (1969),13 (07-01-2019),2102 (04-03-2019),28-10-2019,2,245 (7),2018,,,,,,,,,,,1,bornacoric.hr,,,,
342,30 (21-05-1989),China,Right-handed,Wikipedia,219 (217),200 (21-03-2016),Yan Bai,,,,Hard 100%,,5,Yes,,182 (05-10-2015),1681 (05-10-2015),23-09-2019,,,,,,,,,,,,,,,,,,,
343,18 (07-12-2001),Italy,Left-handed,Wikipedia,380 (96),378 (06-01-2020),Giulio Zeppieri,,,,,,,,,,,,,,,,,,,,,,,,,,,,,,
344,27 (23-02-1992),Ecuador,Left-handed,Wikipedia,258 (177),172 (18-03-2019),Roberto Quiroz,Two-handed,"$299,221",,Clay 100%,2014,6,Yes,,184 (14-02-2018),1693 (12-02-2018),25-06-2018,,,,,,,,,,,,,,,,,,,
345,30 (11-07-1989),Slovakia,Left-handed,Wikipedia,144 (370),24 (27-04-2015),Martin Klizan,Two-handed,"$4,810,128",190 cm,Clay 51%,2007,12,Yes,92 (1839),26 (01-10-2018),1998 (24-09-2018),16-09-2019,6,234 (8),2016,,,,,,,,,,,,,,,,
346,21 (27-10-1998),Uzbekistan,Right-handed,Wikipedia,330 (117),326 (06-01-2020),Khumoun Sultanov,Two-handed,"$57,247",,,,2,Yes,,,,,,,,,,,,,,,,,,,,,,,
347,31 (10-02-1988),Germany,Right-handed,Wikipedia,337 (116),182 (16-07-2012),Peter Torebko,Two-handed,"US$240,876",,,2008,2,Yes,,,,15-07-2019,,,,,,,,,,,,,,,,,,,
348,30 (07-02-1989),Colombia,Right-handed,Wikipedia,466 (66),70 (09-06-2014),Alejandro Gonzalez,Two-handed,"$1,091,245",,None 12%,2006,7,Yes,,97 (20-03-2015),1819 (17-03-2015),25-07-2016,,,,,,,,,,,,,,,,,,,
349,35 (13-03-1984),Belgium,Right-handed,Wikipedia,176 (287),38 (22-05-2017),Steve Darcis,One-handed,"$3,311,462",178 cm,All-Rounder 3%,2003,15,Yes,115 (1803),41 (14-10-2012),1951 (25-09-2012),14-10-2019,2,357 (3),2008,,,,,,,,,,,,,,,,
350,22 (02-07-1997),Japan,Right-handed,Wikipedia,464 (66),446 (30-09-2019),Jumpei Yamasaki,,,,,,,,,,,,,,,,,,,,,,,,,,,,,,
351,23 (12-05-1996),Austria,Right-handed,Wikipedia,157 (333),126 (06-05-2019),Sebastian Ofner,Two-handed,"$461,843",,Clay 100%,2015,3,Yes,123 (1791),95 (05-03-2018),1839 (05-03-2018),29-07-2019,,,,,,,,,,,,,,,,,,,
352,21 (10-02-1998),Argentina,Right-handed,Wikipedia,447 (70),443 (04-11-2019),Manuel Pena Lopez,Two-handed,"$16,371",,,,,,,,,,,,,,,,,,,,,,,,,,,,
353,23 (10-04-1996),Australia,Right-handed,Wikipedia,199 (244),69 (08-06-2015),Thanasi Kokkinakis,Two-handed,"$1,429,096",,Hard 32%,2013,6,Yes,104 (1822),87 (28-06-2015),1848 (07-08-2017),26-08-2019,,,,,,,,,,,,,,,,,,,
354,28 (18-04-1991),Switzerland,Right-handed,Wikipedia,332 (117),286 (09-09-2019),Sandro Ehrat,Two-handed,"$95,194",180 cm,,,3,Yes,,,,22-07-2019,,,,,,,,,,,,,,,,,,,
355,21 (12-09-1998),Germany,Right-handed,Wikipedia,263 (172),209 (03-07-2017),Daniel Altmaier,One-handed,"$107,833",,,2014,2,Yes,,,,22-07-2019,,,,,,,,,,,,,,,,,,,
356,23 (01-02-1996),Italy,Left-handed,Wikipedia,381 (96),142 (15-04-2019),Gianluigi Quinzi,Two-handed,"$204,501",,,2012,1,,,,,07-11-2017,,,,2017,,,,,,,,,,,,,,,
357,25 (20-05-1994),Czech Republic,Right-handed,Wikipedia,333 (117),191 (06-11-2017),Vaclav Safranek,Two-handed,"$84,209",,,,2,,,,,15-01-2018,,,,2018,,,,,,,,,,,,,,,
358,21 (02-10-1998),France,Right-handed,Wikipedia,231 (205),202 (14-10-2019),Elliot Benchetrit,Two-handed,"$232,349",,,2016,2,Yes,,,,26-08-2019,,,,,,,,,,,,,,,,,,,
359,22 (30-07-1997),Japan,,Wikipedia,428 (75),428 (20-01-2020),Sho Shimabukuro,,,,,,,,,,,,,,,,,,,,,,,,,,,,,,
360,26 (08-10-1993),Belgium,,Wikipedia,398 (89),258 (19-02-2018),Christopher Heyman,,,,,,,,,,,,,,,,,,,,,,,,,,,,,,
361,34 (23-05-1985),Russian Federation,Right-handed,Wikipedia,270 (158),43 (01-02-2016),Teymuraz Gabashvili,Two-handed,"$4,076,115",188 cm,Non-Grass 23%,2001,14,,,55 (18-01-2016),1911 (18-01-2016),16-10-2017,,,,2017,,,,,,,,,,,,,,,
362,36 (15-11-1983),Spain,Left-handed,Wikipedia,51 (1050),7 (20-04-2009),Fernando Verdasco,Two-handed,"US$17,353,811 28th all-time leader in earnings",188 cm,Clay 15%,2001,19,Yes,46 (1945),7 (04-05-2009),2204 (02-05-2010),06-01-2020,7,133 (22),2010,,,,,,,,,,,3,,,,,
363,38 (08-08-1981),Switzerland,Right-handed,Wikipedia,3 (6590),1 (02-02-2004),Roger Federer,One-handed,"$ 129,231,891 2nd all-time leader in earnings",185 cm,Grass 36%,1998,22,Yes,3 (2328),1 (11-08-2003),2550 (05-03-2007),11-11-2019,103,1 (929),2006,,28,"Basel, Switzerland","Bottmingen, Switzerland",85 kg,Ivan Ljubicic and Severin Luthi,Federer,@rogerfederer,"FedExpress, Maestro",20,1,rogerfederer.com,,,310,6
364,20 (18-07-1999),Argentina,,Wikipedia,340 (115),336 (13-01-2020),Tomas Martin Etcheverry,,,,,,,,,,,,,,,,,,,,,,,,,,,,,,
365,18 (15-11-2001),Argentina,,Wikipedia,389 (92),388 (06-01-2020),Juan Manuel Cerundolo,,,,,,,,,,,,,,,,,,,,,,,,,,,,,,
366,28 (15-07-1991),Japan,Right-handed,Wikipedia,264 (171),259 (05-05-2014),Shuichi Sekiguchi,,,,,,,,,,,,,,,,,,,,,,,,,,,,,,
367,40 (28-02-1979),Croatia,Right-handed,Wikipedia,124 (436),14 (18-08-2008),Ivo Karlovic,One-handed,"US$9,845,365",208 cm,Grass 34%,2000,20,Yes,114 (1806),16 (11-12-2007),2062 (04-11-2007),14-10-2019,8,133 (22),2007,,,,,,,,,,,1,,1,,,
368,23 (21-06-1996),Austria,Right-handed,Wikipedia,279 (146),201 (15-10-2018),Lucas Miedler,One-handed,"$226,159",,,,3,Yes,,,,29-07-2019,,,,,,,,,,,,,,,,,,,
369,29 (21-06-1990),Lithuania,Right-handed,Wikipedia,69 (804),50 (23-05-2016),Ricardas Berankis,Two-handed,"$3,115,878",175 cm,Hard 49%,2007,13,Yes,109 (1813),49 (15-04-2013),1914 (15-02-2013),06-01-2020,,,,,,,,,,,,,,,,,,,
370,21 (28-12-1998),Japan,,Wikipedia,425 (77),398 (28-10-2019),Rio Noguchi,,,,,,,,,,,,,,,,,,,,,,,,,,,,,,
371,22 (18-08-1997),France,,Wikipedia,372 (100),368 (06-01-2020),Jules Okala,,,,,,,,,,,,,,,,,,,,,,,,,,,,,,
372,,,,,,,John Millman,,,,,,,,,,,,,,,,,,,,,,,,,,,,,,
373,36 (04-06-1983),Spain,Right-handed,Wikipedia,160 (319),23 (21-02-2011),Guillermo Garcia Lopez,One-handed,"$8,003,533",188 cm,"Soft (Cl, G) 14%",2002,17,Yes,130 (1778),29 (24-05-2015),2009 (17-10-2010),26-08-2019,5,293 (5),2015,,,,,,,,,,,,,,,,
374,22 (05-03-1997),Finland,Left-handed,Wikipedia,489 (62),423 (22-10-2018),Patrik Niklas Salminen,Two-handed,"$23,875",,,,2,Yes,,,,,,,,,,,,,,,,,,,,,,,
375,19 (13-10-2000),Czech Republic,Right-handed,Wikipedia,362 (107),303 (07-10-2019),Tomas Machac,,,,,,,,,,,,,,,,,,,,,,,,,,,,,,
376,19 (11-02-2000),Colombia,Right-handed,Wikipedia,411 (84),404 (11-11-2019),Nicolas Mejia,Two-handed,"$5,019",,,,1,,,,,,,,,,,,,,,,,,,,,,,,
377,23 (05-05-1996),United States,Right-handed,Wikipedia,221 (215),147 (15-04-2019),Christopher Eubanks,One-handed,"$487,166",,Hard 100%,,5,Yes,185 (1630),183 (10-01-2020),1661 (22-07-2019),26-08-2019,,,,,,,,,,,,,,,,,,,
378,28 (21-01-1992),Australia,Right-handed,Wikipedia,94 (588),82 (06-04-2015),James Duckworth,Two-handed,"$1,398,973",183 cm,Hard 25%,2010,9,Yes,168 (1710),112 (10-08-2015),1792 (24-05-2015),12-01-2020,,,,,,,,,,,,,,,,,,,
379,24 (06-10-1995),Peru,Right-handed,Wikipedia,143 (372),141 (13-01-2020),Juan Pablo Varillas Patino Samudio,Two-handed,"$118,043",,Clay 100%,,5,Yes,,199 (15-04-2019),1563 (12-04-2019),,,,,,,,,,,,,,,,,,,,
380,34 (28-03-1985),Switzerland,Right-handed,Wikipedia,15 (2045),3 (27-01-2014),Stan Wawrinka,One-handed,"US$ 33,790,279 6th all-time leader in earnings",183 cm,"Slow (H, Cl) 29%",2002,18,Yes,12 (2108),5 (17-02-2014),2291 (20-04-2014),06-01-2020,16,36 (103),2015,,1,"Lausanne, Switzerland","St. Barthelemy, Switzerland",81 kg,Paul Annacone,stanwawrinka,@stanwawrinka,"Stan the Man, Stanimal",3,1,stanwawrinka.com,,,,
381,35 (03-02-1984),Brazil,Right-handed,Wikipedia,350 (110),63 (24-07-2017),Rogerio Dutra Silva,One-handed,"$1,836,362",178 cm,"Slow (H, Cl) 68%",2003,11,Yes,,107 (25-09-2012),1793 (25-09-2012),11-02-2019,,,,,,,,,,,,,,,,,,,
382,20 (26-07-1999),Italy,,Wikipedia,456 (68),455 (13-01-2020),Francesco Forti,,,,,,,,,,,,,,,,,,,,,,,,,,,,,,
383,30 (18-07-1989),Slovenia,Right-handed,Wikipedia,55 (950),43 (19-02-2018),Aljaz Bedene,Two-handed,"$3,678,732",181 cm,"Slow (H, Cl) 20%",2008,11,Yes,54 (1922),42 (21-05-2018),1939 (21-05-2018),12-01-2020,,,,,,,,,,,,,,,,,,,
384,34 (24-07-1985),Czech Republic,Right-handed,Wikipedia,177 (285),26 (22-09-2014),Lukas Rosol,Two-handed,"$4,209,879",196 cm,Clay 23%,2004,13,Yes,98 (1829),29 (24-08-2014),1982 (24-08-2014),14-10-2019,2,400 (2),2014,,,,,,,,,,,2,,,,,
385,22 (16-09-1997),Russian Federation,,Wikipedia,443 (71),432 (09-12-2019),Bogdan Bobrov,,,,,,,,,,,,,,,,,,,,,,,,,,,,,,
386,23 (21-05-1996),Russian Federation,Right-handed,Wikipedia,17 (1995),8 (15-07-2019),Karen Khachanov,Two-handed,"US$7,630,617",,Grass 24%,2013,8,Yes,26 (2020),10 (08-02-2019),2137 (05-11-2018),13-01-2020,4,202 (10),2018,,1,,,,,,,,,,,,,,
387,29 (20-08-1990),United States,Left-handed,Wikipedia,132 (413),63 (17-03-2014),Bradley Klahn,Two-handed,"$1,176,787",190 cm,None 13%,2012,7,Yes,161 (1738),136 (29-10-2018),1778 (22-10-2018),23-09-2019,,,,,,,,,,,,,,,,,,,
388,25 (29-04-1994),Germany,Left-handed,Wikipedia,89 (609),83 (04-11-2019),Dominik Koepfer,Two-handed,"$650,117",,Hard 100%,2016,3,Yes,112 (1808),99 (23-09-2019),1826 (09-09-2019),23-09-2019,,,,,,,,,,,,,,,,,,,
389,21 (18-11-1998),Russian Federation,,Wikipedia,250 (186),245 (06-01-2020),Pavel Kotov,,,,,,,,,,,,,,,,,,,,,,,,,,,,,,
390,21 (25-10-1998),Italy,Right-handed,Wikipedia,473 (65),469 (13-01-2020),Riccardo Balzerani,,,,,,,,,,,,,,,,,,,,,,,,,,,,,,
391,29 (30-04-1990),Spain,Right-handed,Wikipedia,478 (64),268 (07-05-2018),Carlos Gomez Herrera,Two-handed,"$108,018",,,,1,,,,,30-04-2012,,,,2012,,,,,,,,,,,,,,,
392,32 (18-08-1987),Netherlands,Right-handed,Wikipedia,325 (120),52 (17-02-2014),Igor Sijsling,One-handed,"$2,163,775",190 cm,Grass 25%,2005,10,,,59 (15-07-2013),1889 (08-07-2013),01-08-2016,,,,2016,,,,,,,,,,,,,,,
393,38 (20-09-1981),Spain,Left-handed,Wikipedia,57 (933),12 (02-03-2015),Feliciano Lopez,One-handed,"US$ 17,114,510 30th all-time leader in earnings",188 cm,Grass 28%,1997,22,Yes,47 (1944),16 (12-10-2014),2074 (12-10-2014),13-01-2020,7,133 (22),2004,,,,,,,,,,,5,,,,,
394,25 (15-08-1994),Netherlands,Right-handed,Wikipedia,465 (66),423 (24-07-2017),Niels Lootsma,Two-handed,"$42,350",,,,,,,,,,,,,,,,,,,,,,,,,,,,
395,20 (05-08-1999),Australia,Right-handed,Wikipedia,96 (585),87 (29-07-2019),Alexei Popyrin,Two-handed,"US$863,409",,Hard 100%,2017,3,Yes,107 (1814),92 (21-09-2019),1838 (09-09-2019),12-01-2020,,,,,,,,,,,,,,,,,,,
396,28 (30-12-1991),Germany,,Wikipedia,,282 (15-07-2019),Sebastian Fanselow,,,,,,,,,,,,,,,,,,,,,,,,,,,,,,
397,29 (05-10-1990),Slovenia,Left-handed,Wikipedia,145 (370),78 (05-01-2015),Blaz Rola,Two-handed,"$852,893",,Clay 46%,,7,Yes,,138 (07-06-2015),1751 (07-07-2014),27-05-2019,,,,,,,,,,,,,,,,,,,
398,24 (16-04-1995),United States,Right-handed,Wikipedia,129 (419),57 (29-04-2019),Mackenzie Mcdonald,Two-handed,"$1,210,098",,Grass 55%,2016,4,Yes,88 (1842),67 (29-04-2019),1878 (29-04-2019),27-05-2019,,,,,,,,,,,,,,,,,,,
399,38 (15-12-1981),Italy,Right-handed,Wikipedia,116 (480),33 (15-05-2017),Paolo Lorenzi,Two-handed,"$4,927,689",183 cm,"Slow (H, Cl) 40%",2003,13,Yes,141 (1768),62 (13-02-2017),1895 (11-09-2017),26-08-2019,1,489 (1),2016,,,,,,,,,,,,,,,,
400,24 (07-12-1995),United States,Right-handed,Wikipedia,336 (116),267 (24-06-2019),Collin Altamirano,Two-handed,"$145, 209",,,,2,,,,,27-08-2018,,,,2018,,,,,,,,,,,,,,,
401,29 (24-11-1990),Portugal,Right-handed,Wikipedia,459 (67),57 (24-10-2016),Gastao Elias,Two-handed,"$1,068,023",178 cm,Clay 50%,2008,11,,,100 (22-08-2016),1817 (19-08-2016),30-07-2018,,,,2018,,,,,,,,,,,,,,,
402,27 (25-03-1992),United States,Left-handed,Wikipedia,357 (109),185 (23-04-2018),Evan King,Two-handed,"$379,150",185 cm,,,3,,,,,05-03-2018,,,,2018,,,,,,,,,,,,,,,
403,19 (28-12-2000),Argentina,Right-handed,Wikipedia,396 (89),394 (06-01-2020),Sebastian Baez,Two-handed,"$2,980",,,,,,,,,,,,,,,,,,,,,,,,,,,,
404,21 (16-01-1999),France,,Wikipedia,476 (65),402 (12-08-2019),Matteo Martineau,,,,,,,,,,,,,,,,,,,,,,,,,,,,,,
405,29 (07-12-1990),Belgium,Right-handed,Wikipedia,11 (2555),7 (20-11-2017),David Goffin,Two-handed,"US$13,578,010",163 cm,"Slow (H, Cl) 12%",2009,10,Yes,14 (2093),8 (21-05-2018),2165 (05-12-2017),28-10-2019,4,119 (25),2017,,,,,,,,,,,,,,,,
406,21 (01-02-1998),United States,Right-handed,Wikipedia,368 (102),115 (20-02-2017),Stefan Kozlov,Two-handed,"$375,231",,Grass 73%,2013,6,,,157 (26-06-2017),1738 (26-06-2017),09-04-2018,,,,2018,,,,,,,,,,,,,,,
407,31 (27-05-1988),Portugal,Right-handed,Wikipedia,141 (376),99 (18-02-2019),Pedro Sousa,Two-handed,"$516,568",180 cm,Clay 68%,2007,10,Yes,188 (1609),148 (29-10-2018),1759 (23-07-2018),15-07-2019,,,,,,,,,,,,,,,,,,,
408,23 (18-06-1996),Colombia,Right-handed,Wikipedia,186 (269),166 (23-07-2018),Daniel Elahi Galan Riveros,Two-handed,"$184,282",,None 13%,,3,Yes,158 (1745),133 (15-07-2019),1774 (15-04-2019),22-07-2019,,,,,,,,,,,,,,,,,,,
409,30 (24-12-1989),United States,Right-handed,Wikipedia,75 (720),21 (25-07-2016),Steve Johnson,Two-handed,"US$5,970,907",188 cm,Grass 12%,2012,10,Yes,72 (1877),21 (17-04-2017),2042 (12-06-2017),23-09-2019,4,293 (5),2018,,,,,,,,,,,,steviejohnsontennis.com,,,,
410,34 (06-01-1986),Ukraine,Right-handed,Wikipedia,153 (344),31 (27-09-2010),Sergiy Stakhovsky,One-handed,"US$5,349,041",193 cm,"Fast (H, G) 20%",2003,16,Yes,106 (1818),44 (29-08-2010),1947 (29-08-2010),15-07-2019,4,325 (4),2010,,,,,,,,,,,,www.sergiy-stakhovsky.com,,,,
411,29 (19-09-1990),Egypt,Right-handed,Wikipedia,173 (291),163 (25-06-2018),Mohamed Safwat,Two-handed,"$546,381",183 cm,None 6%,,10,Yes,177 (1689),176 (10-01-2020),1694 (25-09-2018),25-02-2019,,,,,,,,,,,,,,,,,,,
412,25 (07-08-1994),Russian Federation,Right-handed,Wikipedia,241 (195),211 (17-06-2019),Evgeny Karlovskiy,Two-handed,"$163,118",,,,1,,,,,15-10-2018,,,,2018,,,,,,,,,,,,,,,
413,33 (01-09-1986),France,Right-handed,Wikipedia,10 (2565),6 (07-11-2016),Gael Monfils,Two-handed,"US$ 17,930,816  33rd all-time leader in earnings",193 cm,Hard 13%,2004,17,Yes,24 (2030),7 (28-11-2010),2189 (12-09-2016),28-10-2019,8,83 (39),2016,,,"Paris, France",Switzerland,80 kg,Mikael Tillstrom,pages/Gael-Monfils-Tennis/128049253953369,@Gael_Monfils,La Monf,,,www.lamonf.com,,,,
414,29 (17-05-1990),Argentina,Left-handed,Wikipedia,25 (1585),20 (19-08-2019),Guido Pella,Two-handed,"US$4,292,576",185 cm,Clay 26%,2007,9,Yes,41 (1960),29 (12-08-2019),2009 (12-08-2019),21-10-2019,1,357 (3),2019,,,,,,,,,,,1,guidopella.com,,,,
415,21 (22-12-1998),Norway,Right-handed,Wikipedia,48 (1079),46 (13-01-2020),Casper Ruud,Two-handed,"US$1,451,115",,Clay 47%,2015,5,Yes,68 (1886),58 (10-06-2019),1904 (05-08-2019),13-01-2020,,,,,,,,,,,,,,,casper-ruud.com,,,,
416,23 (09-10-1996),Czech Republic,Right-handed,Wikipedia,227 (209),208 (27-08-2018),Zdenek Kolar,Two-handed,"$302,592",,,,1,,,,,16-07-2018,,,,2018,,,,,,,,,,,,,,,
417,26 (13-02-1993),Czech Republic,,Wikipedia,462 (67),459 (13-01-2020),Pavel Nejedly,,,,,,,,,,,,,,,,,,,,,,,,,,,,,,
418,26 (22-05-1993),Kazakhstan,,Wikipedia,367 (103),280 (09-12-2019),Denis Yevseyev,,,,,,,,,,,,,,,,,,,,,,,,,,,,,,
419,32 (09-02-1987),United Kingdom,Right-handed,Wikipedia,313 (126),89 (13-07-2015),James Ward,Two-handed,"$1,384,826",190 cm,"Fast (H, G) 67%",2006,12,Yes,191 (1554),94 (13-06-2011),1822 (13-06-2011),01-07-2019,,,,,,,,,,,,,,1,,,,,
420,30 (11-11-1989),"Moldova, Republic of",Right-handed,Wikipedia,49 (1067),39 (05-08-2019),Radu Albot,Two-handed,"US$3,128,654",,Grass 17%,2008,10,Yes,62 (1895),45 (01-04-2019),1936 (27-05-2019),28-10-2019,1,489 (1),2019,,,,,,,,,,,,,,,,
421,35 (05-09-1984),Japan,Right-handed,Wikipedia,111 (501),47 (23-07-2012),Go Soeda,Two-handed,"$2,032,429",178 cm,Carpet 68%,,15,Yes,157 (1747),86 (23-07-2012),1836 (23-07-2012),30-09-2019,,,,,,,,,,,,,,,,,,,
422,33 (18-06-1986),France,Right-handed,Wikipedia,60 (890),7 (09-07-2007),Richard Gasquet,One-handed,"$18,125,457 26th all-time leader in earnings",185 cm,Grass 11%,2002,18,Yes,36 (1973),9 (08-10-2007),2196 (08-02-2016),21-10-2019,15,85 (38),2013,,,"Beziers, France","Neuchatel, Switzerland",75 kg,Fabrice Santoro and Thierry Tulasne,,@richardgasquet1,,,1,richardgasquet.net,,,,
423,24 (13-01-1996),Poland,Right-handed,Wikipedia,97 (575),83 (23-09-2019),Kamil Majchrzak,Two-handed,"$583,908",,Hard 100%,2014,6,Yes,152 (1752),128 (09-09-2019),1779 (09-09-2019),14-10-2019,,,,,,,,,,,,,,,www.kamilmajchrzak.pl,,,,
424,25 (20-12-1994),Germany,,Wikipedia,439 (73),436 (13-01-2020),Lucas Gerch,,,,,,,,,,,,,,,,,,,,,,,,,,,,,,
425,25 (01-02-1994),Australia,Right-handed,Wikipedia,306 (131),152 (23-02-2015),Luke Saville,Two-handed,"$609,213",,,2012,4,,,,,27-06-2016,,,,2016,,,,,,,,,,,,,,,
426,26 (04-01-1994),United Kingdom,Left-handed,Wikipedia,237 (198),154 (02-04-2018),Liam Broady,Two-handed,"$590,815",,Hard 65%,2014,5,,,163 (18-02-2019),1735 (30-03-2018),02-07-2018,,,,2018,,,,,,,,,,,,,,,
427,24 (27-04-1995),Australia,Right-handed,Wikipedia,26 (1520),13 (24-10-2016),Nick Kyrgios,Two-handed,"US$8,001,478",193 cm,Hard 19%,2013,8,Yes,15 (2083),10 (18-04-2017),2176 (15-05-2017),23-09-2019,6,165 (16),2016,,,"Canberra, Australia","Canberra, AUS / Nassau, BAH",85 kg,Sebastien Grosjean,nkyrgios,@NickKyrgios,Wild Thing,,,nickkyrgios.org,,,,
428,24 (21-08-1995),Turkey,Right-handed,Wikipedia,266 (161),207 (19-11-2018),Cem Ilkel,Two-handed,"$213,604",,Hard 64%,,6,Yes,183 (1647),182 (13-01-2020),1647 (13-01-2020),06-01-2020,,,,,,,,,,,,,,,,,,,
429,22 (08-08-1997),Spain,Right-handed,Wikipedia,188 (264),175 (23-10-2017),Carlos Taberner,Two-handed,"US$85,723",,,2015,1,,,,,28-05-2018,,,,2018,,,,,,,,,,,,,,,
430,23 (24-01-1997),Argentina,Right-handed,Wikipedia,235 (200),232 (06-01-2020),Juan Pablo Ficovich,,,,,,,,,,,,,,,,,,,,,,,,,,,,,,
431,27 (19-09-1992),United States,Left-handed,Wikipedia,469 (66),465 (13-01-2020),Nick Chappell,,,,,,,,,,,,,,,,,,,,,,,,,,,,,,
432,26 (10-07-1993),Czech Republic,Left-handed,Wikipedia,109 (515),35 (27-04-2015),Jiri Vesely,Two-handed,"US$ 3,928,220",,Grass 35%,2009,7,Yes,94 (1837),38 (07-08-2017),1953 (12-06-2017),26-08-2019,1,489 (1),2015,,,,,,,,,,,1,,,,,
433,24 (15-06-1995),Germany,Left-handed,Wikipedia,274 (154),45 (13-08-2018),Maximilian Marterer,Two-handed,"$1,411,268",,"Slow (H, Cl) 44%",2015,5,Yes,154 (1749),71 (18-06-2018),1888 (11-06-2018),27-05-2019,,,,,,,,,,,,,,,,,,,
434,34 (26-04-1985),United States,Right-handed,Wikipedia,19 (1860),8 (16-07-2018),John Isner,Two-handed,"US$18,669,906  24th all-time leader in earnings",206 cm,Grass 24%,2007,14,Yes,28 (2007),9 (26-08-2012),2148 (26-08-2012),13-01-2020,15,71 (47),2018,,1,,,,,,,,,,www.johnisner.com,,,,
435,36 (16-10-1983),Germany,Right-handed,Wikipedia,79 (700),16 (30-07-2012),Philipp Kohlschreiber,One-handed,"$12,807,597 48th all-time leader in earnings",178 cm,None 12%,2001,18,Yes,49 (1939),14 (02-05-2016),2117 (02-05-2016),21-10-2019,8,222 (9),2012,,,,,,,,,,,,,1,,,
436,23 (18-10-1996),France,Right-handed,Wikipedia,201 (240),170 (30-09-2019),Maxime Janvier,Two-handed,"$ 319,403",,,,2,Yes,,,,29-07-2019,,,,,,,,,,,,,,,,,,,
437,27 (31-01-1992),Argentina,Left-handed,Wikipedia,192 (260),186 (09-06-2014),Andrea Collarini,Two-handed,"$212,827",,,,,,,,,,,,,,,,,,,,,,,,,,,,
438,17 (03-03-2002),Italy,Right-handed,Wikipedia,364 (107),357 (06-01-2020),Lorenzo Musetti,One-handed,"$14,340",,,,,,,,,,,,,,,,,,,,,,,,,,,,
439,20 (31-10-1999),United Kingdom,Right-handed,Wikipedia,499 (58),427 (22-07-2019),Paul Jubb,Two-handed,"$82,547",,,,1,Yes,,,,01-07-2019,,,,,,,,,,,,,,,,,,,
440,25 (07-03-1994),Australia,Right-handed,Wikipedia,162 (316),159 (11-11-2019),Andrew Harris,,"US$ $156,950",,,,,,,,,,,,,,,,,,,,,,,,,,,,
441,22 (01-08-1997),Italy,Right-handed,Wikipedia,405 (85),391 (07-10-2019),Julian Ocleppo,Two-handed,"$87,242",,,,,,,,,,,,,,,,,,,,,,,,,,,,
442,23 (24-06-1996),Switzerland,Left-handed,Wikipedia,290 (140),263 (01-07-2019),Marc Andrea Huesler,Two-handed,"$117,705",,,,2,Yes,,,,22-07-2019,,,,,,,,,,,,,,,,,,,
443,29 (23-06-1990),Canada,Right-handed,Wikipedia,138 (392),25 (27-01-2014),Vasek Pospisil,Two-handed,"US$5,287,905",193 cm,Hard 67%,2007,11,Yes,66 (1891),37 (20-07-2015),1962 (13-07-2015),13-01-2020,,357 (3),2013,,,,,,,,,,,,,,,,
444,27 (17-08-1992),United States,Right-handed,Wikipedia,108 (516),53 (23-05-2016),Denis Kudla,Two-handed,"$2,940,388",180 cm,Grass 41%,2010,10,Yes,108 (1813),83 (03-08-2015),1855 (10-09-2018),26-08-2019,,,,,,,,,,,,,,,,,,,
445,23 (14-01-1997),India,Right-handed,Wikipedia,267 (161),229 (07-10-2019),Sasi Kumar Mukund,,,,,,,,,,,,,,,,,,,,,,,,,,,,,,
446,24 (01-03-1995),France,Right-handed,Wikipedia,197 (251),164 (29-07-2019),Enzo Couacaud,Two-handed,"$238,170",,,2012,,,,,,,,,,,,,,,,,,,,,,,,,
447,26 (30-08-1993),Dominican Republic,Right-handed,Wikipedia,218 (219),217 (13-01-2020),Roberto Cid,Two-handed,"$49,402",,Hard 100%,,6,Yes,,,,,,,,,,,,,,,,,,,,,,,
448,30 (15-07-1989),Germany,Right-handed,Wikipedia,120 (463),39 (25-06-2018),Peter Gojowczyk,Two-handed,"US$2,562,473",185 cm,"Fast (H, G) 25%",2006,9,Yes,89 (1841),45 (26-02-2018),1935 (26-02-2018),21-10-2019,1,489 (1),2017,,,,,,,,,,,,,,,,
449,27 (24-04-1992),Italy,,Wikipedia,423 (79),355 (05-11-2018),Fabrizio Ornago,,,,,,,,,,,,,,,,,,,,,,,,,,,,,,
450,21 (21-01-1999),Poland,Right-handed,Wikipedia,401 (85),401 (13-01-2020),Kacper Zuk,,,,,,1,Yes,,,,,,,,,,,,,,,,,,,,,,,
451,24 (17-02-1995),Portugal,Left-handed,Wikipedia,273 (155),194 (25-12-2017),Goncalo Oliveira,Two-handed,"$295,289",,,,,,,,,,,,,,,,,,,,,,,,,,,,
452,24 (18-03-1995),Portugal,Left-handed,Wikipedia,198 (250),174 (11-11-2019),Frederico Ferreira Silva,Two-handed,"$205,414",,Clay 100%,2010,5,,,200 (07-05-2018),1670 (07-05-2018),30-04-2018,,,,2018,,,,,,,,,,,,,,,
453,21 (21-12-1998),United States,Right-handed,Wikipedia,181 (278),181 (13-01-2020),Jeffrey John Wolf,Two-handed,"$53,182",,,,,,,,,,,,,,,,,,,,,,,,,,,,
454,20 (15-03-1999),Spain,,Wikipedia,414 (82),390 (26-08-2019),Nikolas Sanchez Izquierdo,,,,,,,,,,,,,,,,,,,,,,,,,,,,,,
455,25 (06-02-1994),Argentina,,Wikipedia,376 (99),255 (21-05-2018),Hernan Casanova,,,,,,,,,,,,,,,,,,,,,,,,,,,,,,
456,34 (01-01-1986),Uruguay,Right-handed,Wikipedia,46 (1097),19 (15-08-2016),Pablo Cuevas,One-handed,"US$8,480,383",180 cm,Clay 33%,2004,16,Yes,81 (1856),26 (09-05-2016),2004 (15-05-2017),12-01-2020,6,222 (9),2016,,,,,,,,,,,,,,,,
457,24 (19-06-1995),Serbia,Right-handed,Wikipedia,156 (334),137 (13-05-2019),Nikola Milojevic,Two-handed,"$387,165",,,,2,Yes,,,,14-10-2019,,,,,,,,,,,,,,,,,,,
458,21 (13-02-1998),Italy,Right-handed,Wikipedia,233 (205),212 (27-08-2018),Gian Marco Moroni,One-handed,"$108,282",,,,1,Yes,,,,22-07-2019,,,,,,,,,,,,,,,,,,,
459,19 (26-10-2000),United States,Right-handed,Wikipedia,275 (153),266 (25-11-2019),Jenson Brooksby,Two-handed,"US$ 178,504",,,,2,Yes,,,,26-08-2019,,,,,,,,,,,,,,,,,,,
460,35 (27-12-1984),France,Right-handed,Wikipedia,61 (890),6 (05-01-2009),Gilles Simon,Two-handed,"US$ 14,773,644  41st all-time leader in earnings",183 cm,All-Rounder 2%,2002,17,Yes,63 (1894),9 (02-02-2009),2124 (02-02-2009),12-01-2020,14,106 (29),2008,,,,,,,,,,,1,,,,,
461,26 (24-07-1993),United States,Right-handed,Wikipedia,107 (521),102 (18-11-2019),Marcos Giron,Two-handed,"$475,660",,Hard 100%,2014,3,Yes,167 (1712),166 (09-09-2019),1712 (09-09-2019),26-08-2019,,,,,,,,,,,,,,,,,,,
462,30 (26-05-1989),Italy,Right-handed,Wikipedia,114 (484),70 (18-09-2017),Thomas Fabbiano,Two-handed,"US$1,805,758",,Grass 50%,2005,8,Yes,117 (1799),100 (15-07-2019),1840 (15-07-2019),14-10-2019,,,,,,,,,,,,,,,,,,,
463,21 (03-04-1998),Australia,Right-handed,Wikipedia,216 (221),208 (18-06-2018),Max Purcell,Two-handed,"$284,329",,,,1,,,,,11-06-2018,,,,2018,,,,,,,,,,,,,,,
464,22 (02-06-1997),Canada,Left-handed,Wikipedia,208 (233),206 (11-11-2019),Alejandro Tabilo,Two-handed,"$82,413",,,,,,,,,,,,,,,,,,,,,,,,,,,,
465,22 (15-06-1997),Czech Republic,,Wikipedia,354 (110),332 (07-10-2019),Vit Kopriva,,,,,,,,,,,,,,,,,,,,,,,,,,,,,,
466,27 (26-01-1993),Spain,Right-handed,Wikipedia,490 (62),171 (09-10-2017),Ricardo Ojeda Lara,Two-handed,"$210,006",,,,1,,,,,30-04-2018,,,,2018,,,,,,,,,,,,,,,
467,29 (27-12-1990),Canada,Right-handed,Wikipedia,35 (1305),3 (21-11-2016),Milos Raonic,Two-handed,"US$ 18,879,855  24th all-time leader in earnings",196 cm,"Fast (H, G) 13%",2008,12,Yes,21 (2048),5 (11-07-2016),2269 (11-07-2016),06-01-2020,8,68 (51),2016,,,"Podgorica, Montenegro","Monte Carlo, Monaco",98 kg,Goran Ivanisevic,MilosRaonicOfficial,@milosraonic,"Missile, Sleeve",,,milosraonicofficial.com,,,,
468,24 (02-06-1995),Serbia,Right-handed,Wikipedia,40 (1185),27 (10-06-2019),Laslo Djere,Two-handed,"US$1,965,163",,Clay 58%,2013,7,Yes,95 (1836),55 (10-06-2019),1913 (10-06-2019),12-01-2020,1,400 (2),2019,,,,,,,,,,,,,,,,
469,23 (26-03-1996),France,Right-handed,Wikipedia,500 (58),226 (17-09-2018),Johan Sebastien Tatlot,Two-handed,"$129,874",,,,,,,,,,,,,,,,,,,,,,,,,,,,
470,23 (12-01-1997),Spain,Right-handed,Wikipedia,210 (226),196 (06-01-2020),Bernabe Zapata Miralles,Two-handed,"$150,833",,,,2,Yes,,,,15-07-2019,,,,,,,,,,,,,,,,,,,
471,24 (07-02-1995),United States,,Wikipedia,493 (61),486 (13-01-2020),Gage Brymer,,,,,,,,,,,,,,,,,,,,,,,,,,,,,,
472,28 (13-11-1991),Germany,Right-handed,Wikipedia,167 (302),99 (16-07-2018),Yannick Hanfmann,Two-handed,"US$484,561",,Clay 100%,2015,3,Yes,,102 (31-07-2017),1827 (31-07-2017),22-07-2019,,,,,,,,,,,,,,,,,,,
473,34 (17-06-1985),Cyprus,Right-handed,Wikipedia,179 (279),8 (21-08-2006),Marcos Baghdatis,Two-handed,"$8,918,917",183 cm,"Fast (H, G) 26%",2003,16,,74 (1869),9 (20-08-2007),2098 (18-02-2008),01-07-2019,4,169 (15),2006,2019,,,,,,,,,,,,,,,
474,26 (29-06-1993),Brazil,Right-handed,Wikipedia,298 (136),292 (13-01-2020),Pedro Sakamoto,Two-handed,"$105,238",,,,1,Yes,,,,25-02-2019,,,,,,,,,,,,,,,,,,,
475,21 (27-11-1998),Italy,,Wikipedia,485 (63),389 (24-06-2019),Jacopo Berrettini,,,,,,,,,,,,,,,,,,,,,,,,,,,,,,
476,25 (21-09-1994),France,,Wikipedia,353 (110),276 (12-08-2019),Baptiste Crepatte,,,,,,,,,,,,,,,,,,,,,,,,,,,,,,
477,24 (05-05-1995),Italy,Right-handed,Wikipedia,289 (140),289 (20-01-2020),Andrea Vavassori,One-handed,"$108,984",,,,,,,,,,,,,,,,,,,,,,,,,,,,
478,25 (24-08-1994),France,Right-handed,Wikipedia,486 (63),465 (19-08-2019),Robert Quentin,,,,,,,,,,,,,,,,,,,,,,,,,,,,,,
479,18 (03-08-2001),United States,Right-handed,Wikipedia,360 (107),355 (13-01-2020),Brandon Nakashima,Two-handed,"$31,170",,,,,,,,,,,,,,,,,,,,,,,,,,,,
480,27 (27-10-1992),Russian Federation,Right-handed,Wikipedia,207 (233),136 (02-07-2018),Alexey Vatutin,Two-handed,"$310,368",,,,2,Yes,,,,16-09-2019,,,,,,,,,,,,,,,,,,,
481,23 (03-10-1996),China,Right-handed,Wikipedia,365 (105),365 (06-01-2020),Fajing Sun,Two-handed,"$69,581",,,,,,,,,,,,,,,,,,,,,,,,,,,,
482,29 (16-10-1990),United States,Right-handed,Wikipedia,351 (110),189 (13-07-2015),Daniel Nguyen,Two-handed,"$185,586",,,2013,,,,,,,,,,,,,,,,,,,,,,,,,
483,26 (17-01-1994),Belgium,Right-handed,Wikipedia,334 (116),314 (12-08-2019),Jeroen Vanneste,,,,,,,,,,,,,,,,,,,,,,,,,,,,,,
484,22 (20-01-1998),United States,Right-handed,Wikipedia,50 (1050),29 (11-02-2019),Frances Tiafoe,Two-handed,"US$3,304,117",,"Fast (H, G) 17%",2015,7,Yes,70 (1885),36 (13-05-2019),1962 (28-01-2019),13-01-2020,1,400 (2),2018,,,,,,,,,,,,,,,,
485,32 (14-01-1988),Belgium,Left-handed,Wikipedia,260 (172),84 (28-09-2015),Ruben Bemelmans,Two-handed,"$2,013,015",,None 10%,2006,11,Yes,,82 (14-02-2018),1859 (13-02-2018),01-07-2019,,,,,,,,,,,,,,,,,,,
486,23 (03-05-1996),Japan,Left-handed,Wikipedia,429 (75),343 (29-04-2019),Makoto Ochi,,,,,,,,,,,,,,,,,,,,,,,,,,,,,,
487,24 (27-09-1995),Japan,Left-handed,Wikipedia,71 (797),58 (20-03-2017),Yoshihito Nishioka,Two-handed,"$1,703,096",,Hard 51%,,7,Yes,44 (1952),43 (10-01-2020),1952 (10-01-2020),28-10-2019,1,489 (1),2018,,,,,,,,,,,,,,,,
488,24 (04-07-1995),Canada,Right-handed,Wikipedia,103 (534),92 (19-08-2019),Brayden Schnur,Two-handed,"US$414,637",,Hard 100%,2016,4,Yes,186 (1627),161 (18-02-2019),1733 (18-02-2019),14-10-2019,,,,,,,,,,,,,,,,,,,
489,18 (08-08-2001),"Taiwan, Province of China",Right-handed,Wikipedia,299 (135),299 (06-01-2020),Chun Hsin Tseng,Two-handed,"$12,756",,,,2,Yes,,,,18-03-2019,,,,,,,,,,,,,,,,,,,
490,28 (12-07-1991),Bosnia and Herzegovina,Right-handed,Wikipedia,292 (138),74 (19-02-2018),Mirza Basic,Two-handed,"US$1,048,314",,Hard 29%,2008,7,Yes,143 (1764),57 (12-02-2018),1904 (12-02-2018),04-02-2019,1,489 (1),2018,,,,,,,,,,,,,,,,
491,26 (28-07-1993),Bulgaria,Right-handed,Wikipedia,324 (120),249 (24-12-2018),Dimitar Kuzmanov,Two-handed,"US$ 132,871",,Hard 100%,2009,8,Yes,180 (1679),179 (10-01-2020),1679 (10-01-2020),04-02-2019,,,,,,,,,,,,,,,,,,,
492,31 (20-01-1989),Ecuador,Left-handed,Wikipedia,310 (128),281 (15-06-2015),Gonzalo Escobar,Two-handed,"$178,317",,,,5,,,,,01-02-2016,,,,2016,,,,,,,,,,,,,,,
493,32 (19-10-1987),India,Right-handed,Wikipedia,416 (81),137 (12-09-2016),Saketh Myneni,Two-handed,"$354,975",,,,3,,,,,02-01-2017,,,,2017,,,,,,,,,,,,,,,
494,20 (31-01-1999),Russian Federation,Right-handed,Wikipedia,397 (89),394 (18-11-2019),Artem Dubrivnyy,Two-handed,"$40,724",,,,1,Yes,,,,14-10-2019,,,,,,,,,,,,,,,,,,,
495,20 (13-04-1999),France,Right-handed,Wikipedia,382 (95),380 (11-11-2019),Dan Added,Two-handed,"$57,943",,,,,,,,,,,,,,,,,,,,,,,,,,,,
496,26 (03-09-1993),Austria,Right-handed,Wikipedia,5 (5890),4 (06-11-2017),Dominic Thiem,One-handed,"$22,132,368 15th all-time leader in earnings",185 cm,Clay 41%,2011,10,Yes,6 (2188),5 (18-11-2019),2211 (18-11-2019),11-11-2019,16,58 (58),2019,,1,"Wiener Neustadt, Austria","Lichtenworth, Austria",82 kg,Gunter Bresnik,1.Dominic.Thiem,@ThiemDomi,Dominator,,,dominicthiem.tennis,,,,
497,23 (14-03-1996),Netherlands,Left-handed,Wikipedia,495 (60),342 (05-08-2019),Gijs Brouwer,,,,,,,,,,,,,,,,,,,,,,,,,,,,,,
498,24 (17-05-1995),Ukraine,,Wikipedia,419 (81),419 (20-01-2020),Vladyslav Orlov,,,,,,,,,,,,,,,,,,,,,,,,,,,,,,
499,22 (26-03-1997),Tunisia,Left-handed,Wikipedia,451 (69),408 (24-12-2018),Aziz Dougaz,Two-handed,"$61,984",,,,2,,,,,,,,,,,,,,,,,,,,,,,,
